,attribute_1,attribute_2,attribute_3,attribute_4,attribute_5,attribute_6,attribute_7,attribute_8,attribute_9,attribute_10,attribute_11,attribute_12,attribute_13,attribute_14,attribute_15,attribute_16,attribute_17,attribute_18,attribute_19,attribute_20,attribute_21,attribute_22,attribute_23,attribute_24,attribute_25,attribute_26,attribute_27,attribute_28,attribute_29,attribute_30,attribute_31,attribute_32,attribute_33,attribute_34,attribute_35,attribute_36,attribute_37,attribute_38,attribute_39,attribute_40,attribute_41,attribute_42,attribute_43,attribute_44,attribute_45,attribute_46,attribute_47,attribute_48,attribute_49,attribute_50,attribute_51,attribute_52,attribute_53,attribute_54,attribute_55,attribute_56,attribute_57,attribute_58,attribute_59,attribute_60,Discrimination,Difficulty,Guessing
attribute_1,1.0,0.4274153064552808,0.5400753670693087,-0.021513292818368685,0.1536861869901804,0.13223999825682997,-0.008964540668639345,-0.07943030633550648,0.22359644203334256,0.05422584217196174,-0.013129684811996353,-0.06677330408143077,-0.272611098431116,-0.32031088366929467,-0.1208663059605877,-0.06881033690798788,0.08510716761304345,0.19267388691062295,0.16505978085040882,0.05328703034322723,-0.42800215871603026,-0.37635554621206935,-0.11851579702879779,-0.3305647184537546,-0.583769943051427,-0.25874315150822047,-0.3015167410729891,-0.35826912566461366,0.0312716450795192,0.376774750055842,0.6145077289453753,0.7200585636302586,0.7603817837113898,0.6398635625326905,0.2237938344785546,0.22533457613108468,0.4017850977531875,0.43385854533517326,0.5216654987438313,0.6523374536289767,0.6510589300513785,0.6519578022492086,0.40847880142845117,0.2758442085519551,0.05261641468333807,0.37570484128855924,0.48939524199783846,0.6479162298755206,0.7658257123271345,0.5700565971044517,0.5247776784954281,0.20293688613357297,0.36773447761908956,-0.4033235598142434,-0.4569300945761643,-0.42346936227792875,-0.15080612218478573,0.44962384507901476,0.3149591909920732,0.38679208198212744,-0.30617587469310265,-0.22607167321740262,-0.2345171865962376
attribute_2,0.4274153064552808,1.0,0.5569811324311256,0.028671409256750924,0.4511816164720167,0.7937122660793247,0.7844244373228576,0.7880102802537413,0.7039089119316524,0.4143812599330825,0.3341681233835266,0.26471712116756474,0.4390647507024953,0.43741212050774936,0.4564160114638888,0.28097778456656086,-0.27632881398557946,-0.3776342576820423,-0.2576889884903207,-0.177822241593049,-0.418522135436273,-0.6256030440273251,-0.5965992779331385,-0.23021373804027928,-0.27362843071864656,-0.15766482633218246,-0.13731571041302856,0.04794099604324138,0.12241383710333294,0.6171545936864965,0.8748582117621068,0.6279564284386148,0.059843822798048237,-0.027513357969409832,0.08666825606889988,0.07613273772549073,0.006117740804432516,0.13729081372434446,0.23540153889171153,0.496419742642514,0.4264326995449538,0.0069562417318895986,-0.048028842797817696,0.0015472038863172922,-0.23397685587904496,-0.2512241759897282,0.0714652478820563,0.0733163234388868,-0.048244052414420625,0.17250042509927888,0.1319534753958862,0.6903699699243242,0.2895889522986453,-0.19510044001710933,-0.2871990010453258,0.2803766122053025,0.23713477346701547,0.32839254713942356,0.6312833923599572,0.4083830241560299,-0.21175685502654112,0.5671454302113913,0.3510186923428275
attribute_3,0.5400753670693087,0.5569811324311256,1.0,0.5243372702308999,0.24390404694983028,0.4047741732202187,0.3422702706242466,0.5215631361946118,0.8379032730272313,0.7450409718226412,0.6808016725424204,0.505721325192661,0.004538857255676038,-0.07076951472449161,0.005653711584842751,-0.07644129012137059,-0.2204518128583312,-0.030913853007063476,0.255120311464869,0.2939975655373448,-0.15566517898745663,-0.27814221975775794,-0.061023582078208675,-0.14207532382890825,-0.3343758263176643,-0.37526293876373124,-0.07776613584199005,0.07407649386838525,0.017879278409842655,0.6883758617905283,0.8641757221975855,0.6545516384958104,0.3943890120027521,0.34024486010924654,0.3202210520184028,0.30152280846030877,0.6372726597188723,0.6528192257827983,0.6487386979797375,0.7732641541714753,0.7695661149753444,0.4245245363709027,0.2919072284760655,0.4410841359353943,0.4499789210216091,-0.09074657972063983,0.3545152999073076,0.33244646578065123,0.24528613046912073,0.1478975865069654,-0.21078621050514199,0.7926868299125519,0.6670632649699237,-0.4604532683057064,-0.2468475366991946,0.310091873022639,0.5624963051175864,0.5833414651606889,0.5010974734533146,0.3368462404656394,-0.4865100600982625,-0.1173861462655942,-0.39882677136634853
attribute_4,-0.021513292818368685,0.028671409256750924,0.5243372702308999,1.0,0.262212632658259,0.3039084469106137,0.3685857229692705,0.4033118993638279,0.5919046910829752,0.7243911651220061,0.5361224750809419,0.30646795312265007,-0.26496431139620136,-0.41064532187315533,-0.4669710174867439,-0.4971393123497714,-0.3634812254444222,-0.16998649447560132,0.012822914966041004,0.17066078465432907,0.39191693020313034,0.22465337035227517,0.33724263155731765,0.13665150407935345,-0.18887914376577608,-0.4500464593949992,-0.11283550297780856,0.10110921540091641,-0.23613325733469653,0.04321724660022655,0.2527898017963416,0.29310527563229716,0.22686838548278038,0.20034329835875186,0.24042365281468078,0.2182529513113047,0.48332536682385563,0.5010651937326905,0.43459270713835574,0.3475788227633528,0.342801853132184,-0.08971353421596802,-0.0747222205559441,0.40989621987865604,0.3358414097918675,-0.32628275686112057,-0.2689500450208828,-0.3495970156467835,-0.2581443578247826,-0.42045048652652345,-0.39501004213847196,0.6247950401670433,0.5175029270579273,-0.17488751681337458,0.03995609375617822,0.35233499837416404,0.5080031022749892,0.3011767671120703,-0.036264673383115655,-0.19866129352237,0.03561499141469883,-0.10415563201905836,-0.4082363161442826
attribute_5,0.1536861869901804,0.4511816164720167,0.24390404694983028,0.262212632658259,1.0,0.8044414269822924,0.6285531673402995,0.4609931257247308,0.3971937810831565,0.23689906641215577,0.19884005027665885,-0.11964638542257097,0.061338992797643155,0.1999987169641979,0.2333977677101678,0.1811082983323205,-0.1858300644333674,-0.1684947054014652,0.1163607540531429,0.2900291926687713,0.20582865163509467,0.04486133875727113,0.05295067537654542,0.22757458663919058,-0.09728257824404862,-0.0771125945863429,0.020502851030636392,-0.1959690794621214,-0.31372487912904296,0.0928496930047432,0.47848676181047645,0.4066271838814137,0.26263754640214854,0.1474305483844484,-0.039737725510667884,0.016896393942280402,-0.13808752589553683,-0.09458083253602308,0.18353981142595163,0.4061718370027348,0.14424103852844197,-0.2616116225514103,-0.3695735164963462,-0.23748695213899532,-0.2081807021086939,0.03381438119402517,0.1559457172944768,-0.18948770868454196,-0.11096346389256925,-0.27237630767248483,-0.0388616175529392,0.4924737299484243,-0.1292090113303588,-0.2199587054892959,-0.3759486314295975,-0.03373054969459496,0.002327289721405088,-0.1572684952301302,-0.007836451047460818,-0.33788060705772527,-0.43860347552942436,0.4730354514693353,-0.15047566552293998
attribute_6,0.13223999825682997,0.7937122660793247,0.4047741732202187,0.3039084469106137,0.8044414269822924,1.0,0.9434994223359043,0.80883347775681,0.7094402194844461,0.47383033590740853,0.2908834746436238,0.027508128132048205,0.22770493976129985,0.35735563581021285,0.340632602040798,0.16747680547861882,-0.37798140645782474,-0.45183583178021997,-0.21866158580049921,0.006265332370834272,0.05239263894055096,-0.17776501395740438,-0.20417431846789752,0.1845296124312846,0.007534330633798067,-0.011947985664577613,0.06861803192129964,0.09380996856995721,0.003527237937277032,0.44520152263761936,0.6881619695955236,0.42360281712686304,0.027446458979951547,-0.051645780471513573,-0.03795146481887653,-0.01728522890421912,-0.15183496613727818,-0.0745940706288379,0.06891585674645682,0.3524307804884538,0.17858000949706165,-0.386665818220739,-0.4118341244416795,-0.13549032383253992,-0.14295900100358114,-0.13601666441388097,-0.02158126332730092,-0.28256523540329337,-0.22775866809928455,-0.07706172659735554,-0.11887671018865562,0.6893862002161332,-0.008743362604049976,-0.22916650382317436,-0.3293415213514074,0.28480921980152646,0.2050288346095845,-0.060968836217221566,0.18013087625127872,-0.01134812092982966,-0.229898073777726,0.6209916065655703,0.2740542658400193
attribute_7,-0.008964540668639345,0.7844244373228576,0.3422702706242466,0.3685857229692705,0.6285531673402995,0.9434994223359043,1.0,0.8957045933282695,0.702716614657314,0.5132910978879895,0.31599651981516447,0.14888339059477726,0.34642261198252594,0.4023912610628106,0.32413391903890343,0.1231727261282198,-0.41600282524127363,-0.5101064517065154,-0.3401709231505399,-0.09887523386881548,0.04884020730033348,-0.23025568307097205,-0.24820875040633905,0.17776903440519862,-0.04770052299692253,-0.13907868847331398,-0.07319761081136934,0.09443891790160956,-0.04813569063693356,0.34855475628363686,0.611342435141919,0.40119663219112106,-0.08273844572959196,-0.13152238490325455,-0.007295317891368978,-0.023530752627527848,-0.16847436409429467,-0.0403367727276807,0.02817678910785025,0.22408982022299334,0.0807057026321569,-0.5066282130787355,-0.4615796040029934,-0.12950786837119946,-0.22588261491131886,-0.35881570534824075,-0.2871348400506022,-0.46351386795835026,-0.40153210223001007,-0.16131651229821908,-0.08738776223815224,0.711128129677497,0.07062303009894369,-0.02866387554293014,-0.14972704507138448,0.40709556938232627,0.26814150041396523,0.02542598590200378,0.21192108300694326,-0.01609257511234595,-0.05913289035408718,0.6455472693348598,0.38566755835928757
attribute_8,-0.07943030633550648,0.7880102802537413,0.5215631361946118,0.4033118993638279,0.4609931257247308,0.80883347775681,0.8957045933282695,1.0,0.8361467917875318,0.7225989929897284,0.6533307023446924,0.5453014343185622,0.5828370061978065,0.538416795524916,0.45517953240458164,0.2655455365269832,-0.305727913337804,-0.38163109802266443,-0.18159490491563418,-0.003478636513477657,0.017482464996190886,-0.29731536006566006,-0.38012927239431654,-0.04144707377338837,-0.10067338097338835,-0.2887469356615345,-0.12018543454963748,0.17968433641672926,-0.08243863383708605,0.41260355881291183,0.6842656136265948,0.3874533094552335,-0.23574547480404895,-0.2919150369340721,-0.02736684832375214,-0.05894600303598283,-0.05704761954613043,0.07897675531648143,0.1163423086502574,0.26797857791155255,0.18687502448592588,-0.36585601890864566,-0.3420371766915984,-0.08867779133860923,-0.16646676839539884,-0.5855644953645934,-0.19445583690482787,-0.3073548344766162,-0.5159772229203822,-0.2600798092305818,-0.2408463442697919,0.8134525813318734,0.2899591576344998,0.049733349630840445,0.0857268160091414,0.6950829196300832,0.6027712344731818,0.31269685285004795,0.48205015487480113,0.17672550115187516,-0.10136682007647117,0.5509139618030067,0.25330804709167093
attribute_9,0.22359644203334256,0.7039089119316524,0.8379032730272313,0.5919046910829752,0.3971937810831565,0.7094402194844461,0.702716614657314,0.8361467917875318,1.0,0.9112108098670803,0.7564686276299692,0.5240183368317359,0.20934991780837345,0.18120900323280986,0.19738458197837297,0.06266762674291852,-0.27842830565524024,-0.2473353018268098,-0.012606075860409998,0.1193660568735743,0.06604478346407092,-0.15659399491459047,-0.19486183882639563,-0.09830747473212842,-0.0668187136372902,-0.22328901125385087,0.04789986448932966,0.3069423919147703,0.1209660619825897,0.6770161562456206,0.8117803012274408,0.4320683106382005,-0.0029555459009914372,-0.08338138789632812,0.014275719683281373,0.004484526797405654,0.25988778645105703,0.2951816784282844,0.28889607734183226,0.49158780134193725,0.4916721522411935,-0.03256822336180573,-0.11202332270587737,0.20126900904897518,0.2613209840675743,-0.27259178421394226,0.1632873179971385,0.0470467687503363,-0.14683895100392183,-0.0015957751793741095,-0.3828773715798507,0.8374132270077391,0.45070986772568494,-0.3191017679976992,-0.06874104274175913,0.6491270689887904,0.7321014941024336,0.42141979049709677,0.43608943801937705,0.3798834779546928,-0.19002915604024298,0.18423176157409182,0.00314494561989021
attribute_10,0.05422584217196174,0.4143812599330825,0.7450409718226412,0.7243911651220061,0.23689906641215577,0.47383033590740853,0.5132910978879895,0.7225989929897284,0.9112108098670803,1.0,0.8902864115283792,0.6930224763453579,0.22253393417433032,0.12235924611918665,0.13703525484021165,0.083797952680185,-0.04834940001912927,0.005706235344110173,0.1640863863356095,0.26406443813735175,0.3452776704015347,0.11842886952299565,-0.013374454231651305,-0.13463473478984192,-0.0740801538509897,-0.3692286915811893,-0.07045428112295857,0.2449421176374335,-0.04682235872623992,0.4187600582966522,0.5765650022099877,0.2583000073642929,-0.07948902172292566,-0.17665573974223947,-0.15688610789705304,-0.18487774861088624,0.21163685893441894,0.24295881227412688,0.1924591197742401,0.2806719473219973,0.3231838609763099,-0.11037495956513575,-0.2230520471677605,0.10866922577909524,0.2588915821615908,-0.3593725595085571,0.1325328131837484,0.041249952290658934,-0.2420661211257964,-0.1317439508671092,-0.42444868271487074,0.6895332703526788,0.44143115675795913,-0.08779389926800399,0.2724283005018749,0.7820269038897787,0.9070577147201007,0.5307628885585034,0.3063201082377665,0.34851924726269606,-0.040939156363931334,-0.0740928239141624,-0.13751433546608438
attribute_11,-0.013129684811996353,0.3341681233835266,0.6808016725424204,0.5361224750809419,0.19884005027665885,0.2908834746436238,0.31599651981516447,0.6533307023446924,0.7564686276299692,0.8902864115283792,1.0,0.8973777216252549,0.4790056131182272,0.3064544906229202,0.3216618210233102,0.3142087681000326,0.1384133358347102,0.19728008866054014,0.37242751126107565,0.3875340196080351,0.2563049026858379,0.023694703083317684,-0.13771703655716447,-0.3158809324306238,-0.21357611885370623,-0.5099392479673892,-0.20131158019990836,0.09438784015834487,-0.25896818412662664,0.2422044438643157,0.5196094688176294,0.26387485808505373,-0.13679666054209763,-0.2495229769351602,-0.1651508683916924,-0.1934694651172164,0.18463770397739726,0.24678954219033128,0.2661215775827978,0.29168153329167157,0.31251216613907945,0.017365976280645005,-0.12393613716830808,-0.015756502732788738,0.07975179327817664,-0.5184362980022136,0.2110980529915378,0.16242223126570723,-0.32567436324883803,-0.30756661305834393,-0.3650150224521588,0.6272595158975512,0.48810253209907517,0.08801478692663595,0.42733352571147154,0.7888800357301105,0.9402670965005949,0.6741827713555373,0.5010603665186966,0.3241879768224139,-0.17376688700008966,-0.06418676858785916,-0.3159084388639437
attribute_12,-0.06677330408143077,0.26471712116756474,0.505721325192661,0.30646795312265007,-0.11964638542257097,0.027508128132048205,0.14888339059477726,0.5453014343185622,0.5240183368317359,0.6930224763453579,0.8973777216252549,1.0,0.6754356234216028,0.417934600995697,0.40271734705889733,0.4057109125889853,0.27270466794676385,0.2979169225686321,0.3477503875785561,0.29175147879367236,0.08547393350891672,-0.1370511468043995,-0.2656854270941342,-0.4363631180663938,-0.3589245165840503,-0.6351247543393521,-0.43027414267043684,-0.048995453262078444,-0.34103671194456364,0.0703302121373562,0.37221551298278394,0.23928794355992,-0.20678062918261655,-0.2870970888520801,-0.13736797318308278,-0.20640031831147712,0.12589558503043072,0.24847613731983845,0.2155843881350543,0.12811649402264377,0.1850113613154462,0.05497538009638834,-0.04604778096651068,-0.08726142383407716,-0.11249684183425789,-0.6698683255529475,0.051176456217956884,0.167592792378957,-0.3539880064769553,-0.2760721134653694,-0.13281699889832307,0.4562062043987965,0.5187516759361137,0.3767971419205495,0.6264946460602479,0.7457774136369165,0.8495282898575389,0.799016038625158,0.6036572595967237,0.3775326161643711,-0.065841013907982,-0.10872160806645743,-0.2233860821550447
attribute_13,-0.272611098431116,0.4390647507024953,0.004538857255676038,-0.26496431139620136,0.061338992797643155,0.22770493976129985,0.34642261198252594,0.5828370061978065,0.20934991780837345,0.22253393417433032,0.4790056131182272,0.6754356234216028,1.0,0.9009133746440495,0.8403975133329048,0.779742213011515,0.3102765044008072,0.13313422068954348,0.11663186829341558,0.10156169188289554,-0.05125605070076329,-0.28334124063456495,-0.5130157719945733,-0.2888212233129095,-0.17808876121854783,-0.33242002061134585,-0.3855187624324761,-0.15481472136266552,-0.3249830810012875,-0.0687555004590301,0.233410822320193,0.08335169122643182,-0.4636238499736041,-0.524846982434808,-0.3342439177495853,-0.38867198097516636,-0.45722455066173906,-0.27862195559599184,-0.20301008820993194,-0.19038496805168456,-0.25317933390137903,-0.3275533963631865,-0.35652399091423304,-0.5685496494688337,-0.6027407171982753,-0.6302957453773426,-0.09038157479980184,-0.05405689330412462,-0.5118464489875041,-0.23989970403015773,0.13446446361627792,0.20757879603755547,-0.008117442289258961,0.6263549592462508,0.5541151316603021,0.5701180170023433,0.4246873879549665,0.37117318489674905,0.5201237565887894,0.22759138574599283,-0.04511536275407343,0.37263720425117486,0.28016890484458595
attribute_14,-0.32031088366929467,0.43741212050774936,-0.07076951472449161,-0.41064532187315533,0.1999987169641979,0.35735563581021285,0.4023912610628106,0.538416795524916,0.18120900323280986,0.12235924611918665,0.3064544906229202,0.417934600995697,0.9009133746440495,1.0,0.9624917212128825,0.8705104025804448,0.31382482226253566,0.1161183742213054,0.17171368183460958,0.22285961481233366,0.07496940973599504,-0.10521201565713838,-0.3391188787595629,0.020801004951997007,0.12331213409649311,-0.01663586666590274,-0.1300048161096856,-0.0898639124957947,-0.18176719253938092,0.07766711763344167,0.2180211077484224,-0.06954778003254822,-0.48697082101851596,-0.5159320385851124,-0.45183723593847025,-0.4843767719449388,-0.6297314919448438,-0.5152540385736232,-0.42229190859335425,-0.2941659225341159,-0.4218690469542042,-0.4959401222649734,-0.5296856518996284,-0.7189877118144036,-0.46121360355016194,-0.3088818817609913,0.07245679889976968,-0.06767432315056052,-0.37132101788458455,-0.038569699134999004,0.06673358448682416,0.09937661054949296,-0.35161355269662337,0.5111446902060068,0.3876112066206607,0.4774790870866929,0.2806150278374033,0.019999730570309737,0.25547095342579346,0.13321708362826812,-0.20671402509567863,0.3792804410418671,0.39404901731824055
attribute_15,-0.1208663059605877,0.4564160114638888,0.005653711584842751,-0.4669710174867439,0.2333977677101678,0.340632602040798,0.32413391903890343,0.45517953240458164,0.19738458197837297,0.13703525484021165,0.3216618210233102,0.40271734705889733,0.8403975133329048,0.9624917212128825,1.0,0.9560614041703761,0.4775375341435864,0.28734286321230484,0.3144082052887732,0.3223552516812794,0.09583715148365518,-0.05051854118657047,-0.30515877257540625,-0.05470966030868914,0.07655057170140762,-0.011504606776827644,-0.15164850943825467,-0.16803413970092523,-0.16555256451450664,0.13773481060789589,0.29349437760368907,-0.017239425776614133,-0.36193538223380234,-0.43749382192583114,-0.5562610629890345,-0.5797679987728731,-0.6392425331672663,-0.5436929013175761,-0.4203873104698341,-0.24219812996216897,-0.3635589139342568,-0.3810118639300688,-0.5160773768920135,-0.7656917368574769,-0.4354776300543938,-0.13055903910583677,0.3123746796373332,0.17047023212769188,-0.1574034568340968,0.13986505320846795,0.16581396426285613,0.03478742950506506,-0.38574031053349594,0.4501416925646941,0.36248351476080576,0.40976056912404213,0.2861267751405621,0.08618682220576843,0.2482601138995171,0.2597999951421033,-0.2716604654472027,0.23400306408507476,0.333026036341099
attribute_16,-0.06881033690798788,0.28097778456656086,-0.07644129012137059,-0.4971393123497714,0.1811082983323205,0.16747680547861882,0.1231727261282198,0.2655455365269832,0.06266762674291852,0.083797952680185,0.3142087681000326,0.4057109125889853,0.779742213011515,0.8705104025804448,0.9560614041703761,1.0,0.6972220698977403,0.5144710340468058,0.46090350481504044,0.4051022808555034,0.20043094786344925,0.0934718031550097,-0.2227915840397523,-0.15976391757860067,0.01653618768978966,-0.06420438102353195,-0.23066376898325924,-0.2819609588042416,-0.2530414063693531,-0.029551336457765146,0.162249565500361,-0.07873031534100217,-0.3030199904632362,-0.421202357728416,-0.6883537899859995,-0.7060525406337907,-0.6846366404983635,-0.6025021539763954,-0.4583900832265655,-0.3171612429229544,-0.4151721540877518,-0.31032595293811555,-0.5213084970937557,-0.841307149400405,-0.48658425152179213,-0.04818808333322188,0.43261604165676776,0.32208172653075223,-0.06469349387448373,0.15613581892842088,0.2584660634832692,-0.14409063016127358,-0.43075348005712155,0.5258370639687798,0.48294759166047435,0.34125967270065277,0.28059667696260804,0.1507566719357012,0.17564635200506326,0.2881800919923637,-0.21093890983321184,0.04681254085818245,0.21828373768449147
attribute_17,0.08510716761304345,-0.27632881398557946,-0.2204518128583312,-0.3634812254444222,-0.1858300644333674,-0.37798140645782474,-0.41600282524127363,-0.305727913337804,-0.27842830565524024,-0.04834940001912927,0.1384133358347102,0.27270466794676385,0.3102765044008072,0.31382482226253566,0.4775375341435864,0.6972220698977403,1.0,0.9264673997772517,0.6690810564764296,0.5034939812028927,0.4276230624381006,0.46405026712049513,0.1920149095687064,-0.21523505900027376,-0.11405798617885572,-0.1902423677858375,-0.3964846718128568,-0.4826361657355117,-0.3431870573284613,-0.37183832682161394,-0.23177213358687188,-0.21521161950070927,-0.012004000709248095,-0.1480228225348142,-0.7452348857331357,-0.7770039657956473,-0.5195580861346556,-0.4957982790547561,-0.4436674771794513,-0.4773293678752335,-0.4686899202485246,-0.08814471476597818,-0.38862682721419245,-0.7060503697715212,-0.3178699394245726,0.22723920976544446,0.5061140601222986,0.5359643540268086,0.28088124698227246,0.3081200390568826,0.44568633231499577,-0.5611477795459061,-0.40333543775231867,0.5921918053321851,0.6588561531789539,0.0605470159959976,0.1680425492654035,0.25554002496609446,-0.17602037217160216,0.26883266768476655,0.026088729406221957,-0.5838990998106018,-0.08309017645193495
attribute_18,0.19267388691062295,-0.3776342576820423,-0.030913853007063476,-0.16998649447560132,-0.1684947054014652,-0.45183583178021997,-0.5101064517065154,-0.38163109802266443,-0.2473353018268098,0.005706235344110173,0.19728008866054014,0.2979169225686321,0.13313422068954348,0.1161183742213054,0.28734286321230484,0.5144710340468058,0.9264673997772517,1.0,0.85782962682936,0.7074437231850335,0.4461313575416803,0.4980922114055037,0.42264554136075455,-0.08644642491110448,-0.2527549755942854,-0.3488197834451386,-0.45999403754704665,-0.602783727229601,-0.4870266301843181,-0.36278383787171997,-0.16347212851485324,-0.05004192254973692,0.2608275336868425,0.15423476565636496,-0.5067703037029926,-0.5495779390871346,-0.21883235388310177,-0.20787317589998588,-0.16677425207271446,-0.26318098461733735,-0.29207151184785624,0.07615839958235844,-0.23330141875188773,-0.5149165603533423,-0.10332720585864646,0.2797624420816432,0.533707008042436,0.5436542577594763,0.42595796680076214,0.27425805548949195,0.41851112643551375,-0.4381742621538351,-0.23020496147585282,0.48372369824946054,0.5475027811672718,-0.06259346833635408,0.16050374774752724,0.3286795823023846,-0.222842538314199,0.0994232395312525,-0.20329545517722197,-0.7651872206372395,-0.41942566962947986
attribute_19,0.16505978085040882,-0.2576889884903207,0.255120311464869,0.012822914966041004,0.1163607540531429,-0.21866158580049921,-0.3401709231505399,-0.18159490491563418,-0.012606075860409998,0.1640863863356095,0.37242751126107565,0.3477503875785561,0.11663186829341558,0.17171368183460958,0.3144082052887732,0.46090350481504044,0.6690810564764296,0.85782962682936,1.0,0.9450687722985345,0.44948678027652145,0.4589375966345716,0.5438463153868686,0.16516387558199966,-0.20643573019888875,-0.35556742852219,-0.30475547828808885,-0.5491926509832017,-0.5585397111065867,-0.1435193197829052,0.08820010971473097,0.11414166451022703,0.37253164175688014,0.3116273256640395,-0.2539310331521381,-0.2834819719953538,0.014800548202889315,0.0021298342203439962,0.0907678030407069,0.046246937160815633,-0.09008471065420867,0.10393293214810237,-0.17069090153700553,-0.3801258573802859,0.14398055542697563,0.2689585963327705,0.5963039572864816,0.43114158656344753,0.39462436572520815,0.12768468956435564,0.1554022489129958,-0.09143236903649726,-0.12635156966828595,0.2479782804921205,0.29694393494744037,-0.02807611730606211,0.2382672137449153,0.24812837931987503,-0.17768741804592422,-0.12905760043940276,-0.6245537622533048,-0.6474656482887355,-0.6757474182075391
attribute_20,0.05328703034322723,-0.177822241593049,0.2939975655373448,0.17066078465432907,0.2900291926687713,0.006265332370834272,-0.09887523386881548,-0.003478636513477657,0.1193660568735743,0.26406443813735175,0.3875340196080351,0.29175147879367236,0.10156169188289554,0.22285961481233366,0.3223552516812794,0.4051022808555034,0.5034939812028927,0.7074437231850335,0.9450687722985345,1.0,0.5771364383798442,0.531488628650798,0.6656302936808712,0.41881825834557573,-0.1144029946385728,-0.3333079481912222,-0.2499708615566024,-0.5157407435970152,-0.5934921443104306,-0.09063934167711653,0.15256153859139476,0.13779969686418664,0.36806339901920604,0.3359450851612848,-0.21371417521811953,-0.24864121689672342,-0.012246546904155343,-0.017318548072637073,0.06653685874302444,0.04945975766176077,-0.15463174479523362,-0.12005746401627461,-0.3446328517194388,-0.4038176255961228,0.1999353949589739,0.24464542112668258,0.4641216696343889,0.1827268666745099,0.28618065528571424,0.053742307668378536,0.053164105547991385,0.06452426973940921,-0.19340187092130132,0.22868279172037018,0.2245327270950037,0.030705139938221784,0.25008540901159365,0.10363952865856878,-0.30309199784627605,-0.3064246954220437,-0.6927298610138505,-0.5286612496020847,-0.6295093443982468
attribute_21,-0.42800215871603026,-0.418522135436273,-0.15566517898745663,0.39191693020313034,0.20582865163509467,0.05239263894055096,0.04884020730033348,0.017482464996190886,0.06604478346407092,0.3452776704015347,0.2563049026858379,0.08547393350891672,-0.05125605070076329,0.07496940973599504,0.09583715148365518,0.20043094786344925,0.4276230624381006,0.4461313575416803,0.44948678027652145,0.5771364383798442,1.0,0.9372790910290383,0.6918122571439934,0.44076983907618117,0.33409939153772117,-0.031922493474367916,0.005759415980763852,-0.09742290472147111,-0.32701607959969237,-0.34437090379538965,-0.3264966074227822,-0.4199139662905805,-0.1428366026298878,-0.1937769272385085,-0.6204970049081884,-0.6309094032796971,-0.4170025648511943,-0.46816302271214333,-0.48312274800467425,-0.513308498567795,-0.5885580287644251,-0.6460281521554957,-0.7633801311325644,-0.5089505963329243,0.09602550513327915,0.1388716512463019,0.08764537506016924,-0.21818548420491973,-0.1705169443078348,-0.15402637165429145,-0.22430126797740293,-0.1904639426888297,-0.4806272645011592,0.3604871875767173,0.518521303566402,0.3244073204144194,0.34959459216549266,-0.20558971428322897,-0.6740926638473631,-0.2873280565333706,0.0822170430866991,-0.3999472468850075,-0.14152896748126934
attribute_22,-0.37635554621206935,-0.6256030440273251,-0.27814221975775794,0.22465337035227517,0.04486133875727113,-0.17776501395740438,-0.23025568307097205,-0.29731536006566006,-0.15659399491459047,0.11842886952299565,0.023694703083317684,-0.1370511468043995,-0.28334124063456495,-0.10521201565713838,-0.05051854118657047,0.0934718031550097,0.46405026712049513,0.4980922114055037,0.4589375966345716,0.531488628650798,0.9372790910290383,1.0,0.7770029823357457,0.46379435560198534,0.46268516673684085,0.18290092692178855,0.17403200606657046,-0.03856257306809593,-0.15550337318789523,-0.3372614047948148,-0.5005002284722385,-0.5751679230838779,-0.09990636606333032,-0.1197959320461418,-0.5931999010567919,-0.5824623888397126,-0.36965987671702627,-0.49412687867992705,-0.5342571056576308,-0.5660784223575324,-0.5962130250410203,-0.48475566982196683,-0.599118721563551,-0.41836962529070104,0.24906926695062173,0.40129635664635865,0.21560710453989662,-0.06917159439500942,0.04484471718054755,0.014642348711385004,-0.22205345129282344,-0.4395712430211756,-0.5833543244792998,0.22213978445004723,0.4000675822427966,0.10893349947172895,0.15354828428687708,-0.36155345789899107,-0.8119311229849207,-0.2741997437363415,0.09397173549203303,-0.5571661018583964,-0.1690747567445554
attribute_23,-0.11851579702879779,-0.5965992779331385,-0.061023582078208675,0.33724263155731765,0.05295067537654542,-0.20417431846789752,-0.24820875040633905,-0.38012927239431654,-0.19486183882639563,-0.013374454231651305,-0.13771703655716447,-0.2656854270941342,-0.5130157719945733,-0.3391188787595629,-0.30515877257540625,-0.2227915840397523,0.1920149095687064,0.42264554136075455,0.5438463153868686,0.6656302936808712,0.6918122571439934,0.7770029823357457,1.0,0.7415878114385581,0.15859537675813185,-0.034034290300850506,-0.004941608324822795,-0.31535027290769374,-0.33396824019095644,-0.26702826284424336,-0.3195267992799015,-0.17078527610743044,0.40070683458150025,0.47125680878880677,-0.04422592937226141,-0.06852085811397458,0.07542327373140743,-0.01655089259634004,-0.07856330917956013,-0.1950156498228758,-0.3249140020485775,-0.2477565715306214,-0.30388014994218243,-0.10509728107698234,0.4498785798928339,0.4833441705705793,0.081297760288387,-0.1761724080207686,0.3267409661359011,0.08578033750890314,-0.03840227859793594,-0.22825858408568922,-0.33896121416050407,0.07009001982061044,0.038197250827339484,-0.2760474280491295,-0.13426316007795122,-0.33493204873148374,-0.8314877148752846,-0.5862629595906717,-0.2934960712781906,-0.638407470952755,-0.48556843311536535
attribute_24,-0.3305647184537546,-0.23021373804027928,-0.14207532382890825,0.13665150407935345,0.22757458663919058,0.1845296124312846,0.17776903440519862,-0.04144707377338837,-0.09830747473212842,-0.13463473478984192,-0.3158809324306238,-0.4363631180663938,-0.2888212233129095,0.020801004951997007,-0.05470966030868914,-0.15976391757860067,-0.21523505900027376,-0.08644642491110448,0.16516387558199966,0.41881825834557573,0.44076983907618117,0.46379435560198534,0.7415878114385581,1.0,0.3975099197159248,0.24645159090444022,0.22454080787737682,-0.10226431389831776,-0.12862335108321915,-0.010437021472375137,-0.16566663571382798,-0.16959462906339637,0.15246350253326538,0.3146728217938273,0.1169676755545546,0.0974062423859715,-0.08568531228638829,-0.14619625301401648,-0.19749218457682535,-0.1964529177392107,-0.41396679846677586,-0.528085921325923,-0.4049217430725519,-0.15268316809321197,0.3652512395227103,0.3682613198005177,-0.18270262017583355,-0.5451537351378685,0.07896069228985451,0.0545798554569996,-0.14757392677055742,-0.02406476321629535,-0.49672687700304946,-0.002729191170229103,-0.23653567159888264,-0.22815934458036816,-0.3131015417782386,-0.6780284681297464,-0.7443068577395268,-0.7099080419605663,-0.3949703503133096,-0.07851626659401438,-0.06522927823961586
attribute_25,-0.583769943051427,-0.27362843071864656,-0.3343758263176643,-0.18887914376577608,-0.09728257824404862,0.007534330633798067,-0.04770052299692253,-0.10067338097338835,-0.0668187136372902,-0.0740801538509897,-0.21357611885370623,-0.3589245165840503,-0.17808876121854783,0.12331213409649311,0.07655057170140762,0.01653618768978966,-0.11405798617885572,-0.2527549755942854,-0.20643573019888875,-0.1144029946385728,0.33409939153772117,0.46268516673684085,0.15859537675813185,0.3975099197159248,1.0,0.8771448533623337,0.8667464901469276,0.7158413444373678,0.6364228228598774,0.2551535848285596,-0.3941723088208043,-0.8307088129140375,-0.649823734381083,-0.5439974998730468,-0.35579411745399614,-0.289288039999771,-0.3668321915550132,-0.5738644799737512,-0.6746718950482234,-0.5137056774974623,-0.4393840262972453,-0.40177170854103317,-0.2671622697005219,-0.11655394089017583,0.4296528006923793,0.36101037766349237,0.12312960131680188,-0.15107413042318865,-0.16724363331863182,0.12348192937011535,-0.6560404222341325,-0.34117175440770986,-0.6051345511245282,-0.2381629542908076,-0.03302886408765638,0.24228473617491716,0.02294493907341397,-0.746308046908427,-0.46965402589702954,0.007182766644461844,0.18462213460203714,0.05844587869191232,0.4264177969393538
attribute_26,-0.25874315150822047,-0.15766482633218246,-0.37526293876373124,-0.4500464593949992,-0.0771125945863429,-0.011947985664577613,-0.13907868847331398,-0.2887469356615345,-0.22328901125385087,-0.3692286915811893,-0.5099392479673892,-0.6351247543393521,-0.33242002061134585,-0.01663586666590274,-0.011504606776827644,-0.06420438102353195,-0.1902423677858375,-0.3488197834451386,-0.35556742852219,-0.3333079481912222,-0.031922493474367916,0.18290092692178855,-0.034034290300850506,0.24645159090444022,0.8771448533623337,1.0,0.8949057507610038,0.6541117813831482,0.7920925093927659,0.3440487595810198,-0.31477884120622873,-0.6698142105624493,-0.4480207142217274,-0.35663019290657205,-0.19683480031521086,-0.1026165120963193,-0.29143739181607003,-0.505438984264039,-0.5472208644400071,-0.32330701709677706,-0.2407554951674409,-0.11350085181575352,0.0031124806947847054,0.013299360985793951,0.3507741396055953,0.5636912445774741,0.23246613973879818,0.04962507073086455,0.10439341185681004,0.33193338498138886,-0.4186365443193115,-0.4312607458576777,-0.5819523248555898,-0.4592659509636151,-0.367157762289617,-0.11547842415200305,-0.31698758495150503,-0.7905683511996546,-0.3566530382173672,0.09991478882908443,0.14830349819184682,0.16046962957933228,0.4899280421419863
attribute_27,-0.3015167410729891,-0.13731571041302856,-0.07776613584199005,-0.11283550297780856,0.020502851030636392,0.06861803192129964,-0.07319761081136934,-0.12018543454963748,0.04789986448932966,-0.07045428112295857,-0.20131158019990836,-0.43027414267043684,-0.3855187624324761,-0.1300048161096856,-0.15164850943825467,-0.23066376898325924,-0.3964846718128568,-0.45999403754704665,-0.30475547828808885,-0.2499708615566024,0.005759415980763852,0.17403200606657046,-0.004941608324822795,0.22454080787737682,0.8667464901469276,0.8949057507610038,1.0,0.8274208580714333,0.7766363422939716,0.4794930100657957,-0.15956324851210696,-0.579394224425578,-0.43726037957643155,-0.3394733999728883,-0.013383993921083316,0.09211414626582644,0.012044126543743454,-0.22820910597617092,-0.2771533281676252,-0.06558537258525113,0.029679630687406967,0.00647295603081422,0.14605554714003832,0.2739547195850484,0.5900221961215046,0.3999868983275824,0.2386263396723324,0.008120734692973157,-0.028780669644882028,0.09800760860503234,-0.7507622300182556,-0.11743559126406658,-0.2891865226675116,-0.662086017687709,-0.4183090069402039,0.08032014864791501,-0.04444093370499812,-0.6569961996911244,-0.21460634596237144,0.065216593318992,0.03150252040409153,0.1710298885522828,0.23023207458187483
attribute_28,-0.35826912566461366,0.04794099604324138,0.07407649386838525,0.10110921540091641,-0.1959690794621214,0.09380996856995721,0.09443891790160956,0.17968433641672926,0.3069423919147703,0.2449421176374335,0.09438784015834487,-0.048995453262078444,-0.15481472136266552,-0.0898639124957947,-0.16803413970092523,-0.2819609588042416,-0.4826361657355117,-0.602783727229601,-0.5491926509832017,-0.5157407435970152,-0.09742290472147111,-0.03856257306809593,-0.31535027290769374,-0.10226431389831776,0.7158413444373678,0.6541117813831482,0.8274208580714333,1.0,0.8316925856196117,0.5307106598648331,-0.0510018633434335,-0.5047669043009161,-0.6530304547505558,-0.5784797118556304,-0.0016924639231060475,0.06702611208669486,0.09834559048229997,-0.06910331837697047,-0.21308992716634817,-0.06513157440270595,0.15262567391899204,0.00771207207982493,0.19474107519598807,0.42137297454640066,0.4881702444573592,-0.04448593518668763,-0.014879884308914801,-0.06097886801226082,-0.32320884531054367,-0.039069401082107755,-0.8213704953474957,0.10397107970880984,0.07010500175382131,-0.5276502068266596,-0.14815014652612457,0.4701058035475142,0.31174782519311245,-0.2770931035891955,0.12483559092127337,0.364039582729241,0.36491481371328227,0.2620582639851237,0.3978971351583035
attribute_29,0.0312716450795192,0.12241383710333294,0.017879278409842655,-0.23613325733469653,-0.31372487912904296,0.003527237937277032,-0.04813569063693356,-0.08243863383708605,0.1209660619825897,-0.04682235872623992,-0.25896818412662664,-0.34103671194456364,-0.3249830810012875,-0.18176719253938092,-0.16555256451450664,-0.2530414063693531,-0.3431870573284613,-0.4870266301843181,-0.5585397111065867,-0.5934921443104306,-0.32701607959969237,-0.15550337318789523,-0.33396824019095644,-0.12862335108321915,0.6364228228598774,0.7920925093927659,0.7766363422939716,0.8316925856196117,1.0,0.651235472294352,-0.0003699003992128247,-0.4019850843800348,-0.39731860339583236,-0.33164163392991314,-0.012009608869750743,0.054913573739961044,0.056929755790175854,-0.12181156226355429,-0.26651875487075094,-0.04932281319814508,0.18082633934004813,0.20302248949459753,0.3139147445337268,0.39965669669413906,0.4700140990703212,0.34806266411138764,0.19655239189863238,0.2375138353241209,0.1523051689323288,0.45995458811209977,-0.43375265649876854,-0.14142778662420755,-0.07109591226539878,-0.6209808758266759,-0.36494886895120243,0.09819062291380104,-0.03165037085248743,-0.33125235247752205,0.05813944246716552,0.5397422052620874,0.32480058118740956,0.11637252032957326,0.5410084547328713
attribute_30,0.376774750055842,0.6171545936864965,0.6883758617905283,0.04321724660022655,0.0928496930047432,0.44520152263761936,0.34855475628363686,0.41260355881291183,0.6770161562456206,0.4187600582966522,0.2422044438643157,0.0703302121373562,-0.0687555004590301,0.07766711763344167,0.13773481060789589,-0.029551336457765146,-0.37183832682161394,-0.36278383787171997,-0.1435193197829052,-0.09063934167711653,-0.34437090379538965,-0.3372614047948148,-0.26702826284424336,-0.010437021472375137,0.2551535848285596,0.3440487595810198,0.4794930100657957,0.5307106598648331,0.651235472294352,1.0,0.7010800732171732,0.2218045158407077,-0.001657849667571568,0.024292704999403232,0.17902105883481026,0.20547763372511402,0.3314105438713514,0.24178208739448342,0.18076566562168808,0.48057460214363906,0.5452135621432167,0.2895988854832224,0.2738587459198427,0.38998963677122356,0.5646642124805152,0.23672988742010947,0.4194221629997051,0.3387705267164964,0.2982849560702261,0.5001761723049535,-0.3664872133366363,0.4845128209730405,0.23641640364123426,-0.6853674407604287,-0.4895280713057655,0.25042460898771857,0.28175910922957287,0.04839914649992368,0.3566583588670875,0.5221284963068745,-0.3146014922808412,0.11872351110449572,0.1882289800814954
attribute_31,0.6145077289453753,0.8748582117621068,0.8641757221975855,0.2527898017963416,0.47848676181047645,0.6881619695955236,0.611342435141919,0.6842656136265948,0.8117803012274408,0.5765650022099877,0.5196094688176294,0.37221551298278394,0.233410822320193,0.2180211077484224,0.29349437760368907,0.162249565500361,-0.23177213358687188,-0.16347212851485324,0.08820010971473097,0.15256153859139476,-0.3264966074227822,-0.5005002284722385,-0.3195267992799015,-0.16566663571382798,-0.3941723088208043,-0.31477884120622873,-0.15956324851210696,-0.0510018633434335,-0.0003699003992128247,0.7010800732171732,1.0,0.7825208540771237,0.3627632058279092,0.27410273019345666,0.2375172629283532,0.2255215153615499,0.3456908756163279,0.43201022653114135,0.5288961554607662,0.7579547561344968,0.6709098090406943,0.26609892667607016,0.12921816514475815,0.19106861893451751,0.08447706637433568,-0.1105573844712852,0.3085207067211442,0.26702853154487954,0.19836334295449706,0.2077216806393134,0.04488399977125566,0.8098452450318198,0.48241582399927724,-0.371382700413027,-0.3642702400520316,0.21524258681576744,0.3571111640571423,0.4808984119138841,0.601448860598872,0.34765243040234006,-0.5072140067122727,0.24232152192450945,-0.09587824392672863
attribute_32,0.7200585636302586,0.6279564284386148,0.6545516384958104,0.29310527563229716,0.4066271838814137,0.42360281712686304,0.40119663219112106,0.3874533094552335,0.4320683106382005,0.2583000073642929,0.26387485808505373,0.23928794355992,0.08335169122643182,-0.06954778003254822,-0.017239425776614133,-0.07873031534100217,-0.21521161950070927,-0.05004192254973692,0.11414166451022703,0.13779969686418664,-0.4199139662905805,-0.5751679230838779,-0.17078527610743044,-0.16959462906339637,-0.8307088129140375,-0.6698142105624493,-0.579394224425578,-0.5047669043009161,-0.4019850843800348,0.2218045158407077,0.7825208540771237,1.0,0.728619244284208,0.6487184455842607,0.508495248776901,0.46659952403893956,0.494333988805555,0.6609651233763547,0.7848468965026107,0.8079604978062583,0.6678876918389393,0.38600002733954436,0.2724182955034797,0.26392681797948453,-0.16136993857306503,-0.20123352406062012,0.007441216420896987,0.11385926118598308,0.26358318922787183,0.025276003348682914,0.4439793247042124,0.6843043608111602,0.6152962857454695,-0.15735688792258096,-0.37009204781870736,-0.20563857652391399,0.0018518231565459909,0.5793317324037628,0.5094305877703664,0.0031970094358828266,-0.4692985758378491,0.15161497347194275,-0.3551381132431844
attribute_33,0.7603817837113898,0.059843822798048237,0.3943890120027521,0.22686838548278038,0.26263754640214854,0.027446458979951547,-0.08273844572959196,-0.23574547480404895,-0.0029555459009914372,-0.07948902172292566,-0.13679666054209763,-0.20678062918261655,-0.4636238499736041,-0.48697082101851596,-0.36193538223380234,-0.3030199904632362,-0.012004000709248095,0.2608275336868425,0.37253164175688014,0.36806339901920604,-0.1428366026298878,-0.09990636606333032,0.40070683458150025,0.15246350253326538,-0.649823734381083,-0.4480207142217274,-0.43726037957643155,-0.6530304547505558,-0.39731860339583236,-0.001657849667571568,0.3627632058279092,0.728619244284208,1.0,0.9623665016873764,0.45678738610099273,0.4340396193740747,0.5197911973878951,0.5635597675058627,0.6527607550323619,0.6113275523536928,0.4651103944177598,0.45434804000726775,0.291375753938944,0.26783127273822455,0.1319516361804031,0.36452214050286874,0.19947098573832445,0.2297272777053339,0.6911509679143646,0.26034011696529596,0.521075042113856,0.19729451069964285,0.28937060333716746,-0.24514635051226144,-0.4682831547951704,-0.6586509146955237,-0.35521949493810084,0.23682694786077077,-0.08454959264430179,-0.2622124654805174,-0.5178917345670269,-0.3463411228771833,-0.60557294409896
attribute_34,0.6398635625326905,-0.027513357969409832,0.34024486010924654,0.20034329835875186,0.1474305483844484,-0.051645780471513573,-0.13152238490325455,-0.2919150369340721,-0.08338138789632812,-0.17665573974223947,-0.2495229769351602,-0.2870970888520801,-0.524846982434808,-0.5159320385851124,-0.43749382192583114,-0.421202357728416,-0.1480228225348142,0.15423476565636496,0.3116273256640395,0.3359450851612848,-0.1937769272385085,-0.1197959320461418,0.47125680878880677,0.3146728217938273,-0.5439974998730468,-0.35663019290657205,-0.3394733999728883,-0.5784797118556304,-0.33164163392991314,0.024292704999403232,0.27410273019345666,0.6487184455842607,0.9623665016873764,1.0,0.6030992632471558,0.5726294237536318,0.5954211376366843,0.6186307651073448,0.6531491830431082,0.5741456865903649,0.42570927843454115,0.43608898511039074,0.3622522153855625,0.36346443690178426,0.26178996201599924,0.3779399922861776,0.08050092359158369,0.10095273892400797,0.6734528401085292,0.255216850116219,0.4371808458923414,0.17453929206525473,0.2719574861958946,-0.2756091302924153,-0.5363520561994235,-0.7102425213146993,-0.44955499312117875,0.10036983947706032,-0.16161648258131198,-0.38139001179113463,-0.5570116106163137,-0.34060736543788184,-0.594084023787557
attribute_35,0.2237938344785546,0.08666825606889988,0.3202210520184028,0.24042365281468078,-0.039737725510667884,-0.03795146481887653,-0.007295317891368978,-0.02736684832375214,0.014275719683281373,-0.15688610789705304,-0.1651508683916924,-0.13736797318308278,-0.3342439177495853,-0.45183723593847025,-0.5562610629890345,-0.6883537899859995,-0.7452348857331357,-0.5067703037029926,-0.2539310331521381,-0.21371417521811953,-0.6204970049081884,-0.5931999010567919,-0.04422592937226141,0.1169676755545546,-0.35579411745399614,-0.19683480031521086,-0.013383993921083316,-0.0016924639231060475,-0.012009608869750743,0.17902105883481026,0.2375172629283532,0.508495248776901,0.45678738610099273,0.6030992632471558,1.0,0.9893938742002105,0.8252252994925652,0.8470508669904525,0.807409749351664,0.678943245092739,0.6391967439528033,0.5118449290366659,0.7249310383523688,0.7863957420751622,0.31115560884537163,-0.17143819305567315,-0.37438578165144637,-0.24722665523574663,0.08664847126791321,-0.20726445217771822,-0.063443019621575,0.459171300024849,0.6330590202244337,-0.4523808822613371,-0.6277397228426664,-0.4045657010386772,-0.3254661587441915,0.0667770148353908,0.2784764470977254,-0.3505745241365461,-0.336929557343802,0.20162477409359095,-0.3857044411408061
attribute_36,0.22533457613108468,0.07613273772549073,0.30152280846030877,0.2182529513113047,0.016896393942280402,-0.01728522890421912,-0.023530752627527848,-0.05894600303598283,0.004484526797405654,-0.18487774861088624,-0.1934694651172164,-0.20640031831147712,-0.38867198097516636,-0.4843767719449388,-0.5797679987728731,-0.7060525406337907,-0.7770039657956473,-0.5495779390871346,-0.2834819719953538,-0.24864121689672342,-0.6309094032796971,-0.5824623888397126,-0.06852085811397458,0.0974062423859715,-0.289288039999771,-0.1026165120963193,0.09211414626582644,0.06702611208669486,0.054913573739961044,0.20547763372511402,0.2255215153615499,0.46659952403893956,0.4340396193740747,0.5726294237536318,0.9893938742002105,1.0,0.8187808451060291,0.8143086935303393,0.7987807104317132,0.7034533206101892,0.6684756650215337,0.5421389522201983,0.7532911265186695,0.8089101467459978,0.3342893475941147,-0.11732169411184856,-0.3173349136875431,-0.21686172169127038,0.09078171907947043,-0.2207492468202795,-0.12562614183423973,0.4407554435451711,0.6018724083262865,-0.5469503802427028,-0.6992649691257596,-0.43011257502817196,-0.35258636126040344,-5.597021348011184e-07,0.27210699732595456,-0.3462241194079594,-0.3354428282500816,0.24464116696476157,-0.38424346274138177
attribute_37,0.4017850977531875,0.006117740804432516,0.6372726597188723,0.48332536682385563,-0.13808752589553683,-0.15183496613727818,-0.16847436409429467,-0.05704761954613043,0.25988778645105703,0.21163685893441894,0.18463770397739726,0.12589558503043072,-0.45722455066173906,-0.6297314919448438,-0.6392425331672663,-0.6846366404983635,-0.5195580861346556,-0.21883235388310177,0.014800548202889315,-0.012246546904155343,-0.4170025648511943,-0.36965987671702627,0.07542327373140743,-0.08568531228638829,-0.3668321915550132,-0.29143739181607003,0.012044126543743454,0.09834559048229997,0.056929755790175854,0.3314105438713514,0.3456908756163279,0.494333988805555,0.5197911973878951,0.5954211376366843,0.8252252994925652,0.8187808451060291,1.0,0.9605193925791312,0.8768244432244772,0.7667533728327461,0.8309813275572153,0.7256921218028082,0.7911362794864232,0.8977734356915561,0.5906062582327702,-0.06902108274025526,-0.02237574533491024,0.12301294723465188,0.2678415755445057,-0.07178751677520416,-0.22330454600563718,0.49524560253780486,0.814157082124308,-0.5799531161592945,-0.45771525749887004,-0.18143019283389095,0.06840507639540652,0.3648306165159245,0.32440403944568336,-0.03864308246092471,-0.3164441224589202,-0.1992917904690495,-0.6195843287649946
attribute_38,0.43385854533517326,0.13729081372434446,0.6528192257827983,0.5010651937326905,-0.09458083253602308,-0.0745940706288379,-0.0403367727276807,0.07897675531648143,0.2951816784282844,0.24295881227412688,0.24678954219033128,0.24847613731983845,-0.27862195559599184,-0.5152540385736232,-0.5436929013175761,-0.6025021539763954,-0.4957982790547561,-0.20787317589998588,0.0021298342203439962,-0.017318548072637073,-0.46816302271214333,-0.49412687867992705,-0.01655089259634004,-0.14619625301401648,-0.5738644799737512,-0.505438984264039,-0.22820910597617092,-0.06910331837697047,-0.12181156226355429,0.24178208739448342,0.43201022653114135,0.6609651233763547,0.5635597675058627,0.6186307651073448,0.8470508669904525,0.8143086935303393,0.9605193925791312,1.0,0.9377475529228901,0.7928464526213127,0.8217717437875273,0.6663340644317727,0.727024353791115,0.8157145621325204,0.38110945274075286,-0.25305044570197954,-0.15367551969903356,0.04369493353313283,0.17960785648381192,-0.14723207890581474,-0.055135089438040276,0.5951128647588315,0.8939653670889479,-0.4050702452856637,-0.37164068036241105,-0.15089308793489428,0.08708461102197772,0.5139029338018039,0.4419246262732922,-0.05661746930104294,-0.31086862666375037,-0.10586527296477224,-0.5925679694563724
attribute_39,0.5216654987438313,0.23540153889171153,0.6487386979797375,0.43459270713835574,0.18353981142595163,0.06891585674645682,0.02817678910785025,0.1163423086502574,0.28889607734183226,0.1924591197742401,0.2661215775827978,0.2155843881350543,-0.20301008820993194,-0.42229190859335425,-0.4203873104698341,-0.4583900832265655,-0.4436674771794513,-0.16677425207271446,0.0907678030407069,0.06653685874302444,-0.48312274800467425,-0.5342571056576308,-0.07856330917956013,-0.19749218457682535,-0.6746718950482234,-0.5472208644400071,-0.2771533281676252,-0.21308992716634817,-0.26651875487075094,0.18076566562168808,0.5288961554607662,0.7848468965026107,0.6527607550323619,0.6531491830431082,0.807409749351664,0.7987807104317132,0.8768244432244772,0.9377475529228901,1.0,0.9098620812447993,0.8611926047154179,0.6793048696377488,0.6785447039871015,0.6847481672450632,0.2035259709039632,-0.23810122650679721,-0.039938855455546644,0.09467279390370889,0.18101572404248073,-0.23659927851432358,0.03388111577370191,0.6435697244726765,0.8383524219086336,-0.420457862738473,-0.45968543322567923,-0.24122974282248974,0.020543390259677562,0.506338719774938,0.5050498411825524,-0.13203196596082384,-0.4551681813781228,0.034539416154900325,-0.6729284529288692
attribute_40,0.6523374536289767,0.496419742642514,0.7732641541714753,0.3475788227633528,0.4061718370027348,0.3524307804884538,0.22408982022299334,0.26797857791155255,0.49158780134193725,0.2806719473219973,0.29168153329167157,0.12811649402264377,-0.19038496805168456,-0.2941659225341159,-0.24219812996216897,-0.3171612429229544,-0.4773293678752335,-0.26318098461733735,0.046246937160815633,0.04945975766176077,-0.513308498567795,-0.5660784223575324,-0.1950156498228758,-0.1964529177392107,-0.5137056774974623,-0.32330701709677706,-0.06558537258525113,-0.06513157440270595,-0.04932281319814508,0.48057460214363906,0.7579547561344968,0.8079604978062583,0.6113275523536928,0.5741456865903649,0.678943245092739,0.7034533206101892,0.7667533728327461,0.7928464526213127,0.9098620812447993,1.0,0.9337943226311405,0.6560404955001684,0.6007455381992816,0.6194149974592025,0.2522092494435164,-0.06009526970497527,0.20301800693549335,0.2337563529554551,0.2767179691639018,-0.048875059859451085,-0.03886907648144678,0.7306180189340302,0.7145894106302652,-0.6388803405875372,-0.6459482126475681,-0.18608581355260473,0.055447660005563566,0.4015806984533653,0.5539579498427059,0.03998395096041978,-0.5501369234476721,0.17474380162434106,-0.5079015744250543
attribute_41,0.6510589300513785,0.4264326995449538,0.7695661149753444,0.342801853132184,0.14424103852844197,0.17858000949706165,0.0807057026321569,0.18687502448592588,0.4916721522411935,0.3231838609763099,0.31251216613907945,0.1850113613154462,-0.25317933390137903,-0.4218690469542042,-0.3635589139342568,-0.4151721540877518,-0.4686899202485246,-0.29207151184785624,-0.09008471065420867,-0.15463174479523362,-0.5885580287644251,-0.5962130250410203,-0.3249140020485775,-0.41396679846677586,-0.4393840262972453,-0.2407554951674409,0.029679630687406967,0.15262567391899204,0.18082633934004813,0.5452135621432167,0.6709098090406943,0.6678876918389393,0.4651103944177598,0.42570927843454115,0.6391967439528033,0.6684756650215337,0.8309813275572153,0.8217717437875273,0.8611926047154179,0.9337943226311405,1.0,0.7918905433161587,0.7510194164643821,0.7740968512506036,0.34320447830512335,-0.08628519224978493,0.21737528493610367,0.36536988135069853,0.272613316235036,0.020651556634644342,-0.1360784155650674,0.63686652221465,0.8261695919134219,-0.7033505045767835,-0.5574515477786639,-0.07752266342879022,0.16302697885254094,0.4983972696281626,0.6428955957188307,0.2927214314589552,-0.30181250273546417,0.08160874112054044,-0.41221011670921237
attribute_42,0.6519578022492086,0.0069562417318895986,0.4245245363709027,-0.08971353421596802,-0.2616116225514103,-0.386665818220739,-0.5066282130787355,-0.36585601890864566,-0.03256822336180573,-0.11037495956513575,0.017365976280645005,0.05497538009638834,-0.3275533963631865,-0.4959401222649734,-0.3810118639300688,-0.31032595293811555,-0.08814471476597818,0.07615839958235844,0.10393293214810237,-0.12005746401627461,-0.6460281521554957,-0.48475566982196683,-0.2477565715306214,-0.528085921325923,-0.40177170854103317,-0.11350085181575352,0.00647295603081422,0.00771207207982493,0.20302248949459753,0.2895988854832224,0.26609892667607016,0.38600002733954436,0.45434804000726775,0.43608898511039074,0.5118449290366659,0.5421389522201983,0.7256921218028082,0.6663340644317727,0.6793048696377488,0.6560404955001684,0.7918905433161587,1.0,0.9163214543985712,0.6564879324894481,0.30977833744808014,0.16420616718406641,0.39953306683175854,0.668377594757728,0.5364222703027792,0.22621435816704086,0.08377501759665143,0.07921479064890682,0.6207944704945596,-0.5384826541681185,-0.4026378764233107,-0.3579546353684469,-0.0907495438104424,0.43708803342990266,0.4991166825789518,0.35016044605464974,-0.23302680093152392,-0.26268905276420645,-0.47493963687522456
attribute_43,0.40847880142845117,-0.048028842797817696,0.2919072284760655,-0.0747222205559441,-0.3695735164963462,-0.4118341244416795,-0.4615796040029934,-0.3420371766915984,-0.11202332270587737,-0.2230520471677605,-0.12393613716830808,-0.04604778096651068,-0.35652399091423304,-0.5296856518996284,-0.5160773768920135,-0.5213084970937557,-0.38862682721419245,-0.23330141875188773,-0.17069090153700553,-0.3446328517194388,-0.7633801311325644,-0.599118721563551,-0.30388014994218243,-0.4049217430725519,-0.2671622697005219,0.0031124806947847054,0.14605554714003832,0.19474107519598807,0.3139147445337268,0.2738587459198427,0.12921816514475815,0.2724182955034797,0.291375753938944,0.3622522153855625,0.7249310383523688,0.7532911265186695,0.7911362794864232,0.727024353791115,0.6785447039871015,0.6007455381992816,0.7510194164643821,0.9163214543985712,1.0,0.8173205850668186,0.36091760067899425,0.016533084082488752,0.08338810043188465,0.36838679648000233,0.3197502757928031,0.06097604959307953,-0.0765327109522191,0.11305922413870961,0.6545138925788083,-0.5694125894580714,-0.4842143113539198,-0.35547140261670673,-0.1992784314029827,0.25894099075511706,0.4818607295660583,0.192066882385402,-0.1313758637504612,-0.06439514216362499,-0.3535970195236166
attribute_44,0.2758442085519551,0.0015472038863172922,0.4410841359353943,0.40989621987865604,-0.23748695213899532,-0.13549032383253992,-0.12950786837119946,-0.08867779133860923,0.20126900904897518,0.10866922577909524,-0.015756502732788738,-0.08726142383407716,-0.5685496494688337,-0.7189877118144036,-0.7656917368574769,-0.841307149400405,-0.7060503697715212,-0.5149165603533423,-0.3801258573802859,-0.4038176255961228,-0.5089505963329243,-0.41836962529070104,-0.10509728107698234,-0.15268316809321197,-0.11655394089017583,0.013299360985793951,0.2739547195850484,0.42137297454640066,0.39965669669413906,0.38998963677122356,0.19106861893451751,0.26392681797948453,0.26783127273822455,0.36346443690178426,0.7863957420751622,0.8089101467459978,0.8977734356915561,0.8157145621325204,0.6847481672450632,0.6194149974592025,0.7740968512506036,0.6564879324894481,0.8173205850668186,1.0,0.5901874748818756,-0.05552471687760449,-0.1634931797529658,0.021113787984793124,0.13937489040362736,-0.05668819147860574,-0.35901867167842333,0.3791239701422763,0.7308930279727827,-0.7086377474941788,-0.5383326842095549,-0.15331085234181874,-0.02479735629434048,0.16082501564352314,0.2909612060157223,0.07266082745657275,0.01599562968126804,-0.010641011930512511,-0.28904435919803884
attribute_45,0.05261641468333807,-0.23397685587904496,0.4499789210216091,0.3358414097918675,-0.2081807021086939,-0.14295900100358114,-0.22588261491131886,-0.16646676839539884,0.2613209840675743,0.2588915821615908,0.07975179327817664,-0.11249684183425789,-0.6027407171982753,-0.46121360355016194,-0.4354776300543938,-0.48658425152179213,-0.3178699394245726,-0.10332720585864646,0.14398055542697563,0.1999353949589739,0.09602550513327915,0.24906926695062173,0.4498785798928339,0.3652512395227103,0.4296528006923793,0.3507741396055953,0.5900221961215046,0.4881702444573592,0.4700140990703212,0.5646642124805152,0.08447706637433568,-0.16136993857306503,0.1319516361804031,0.26178996201599924,0.31115560884537163,0.3342893475941147,0.5906062582327702,0.38110945274075286,0.2035259709039632,0.2522092494435164,0.34320447830512335,0.30977833744808014,0.36091760067899425,0.5901874748818756,1.0,0.4363530092392073,0.29863613123316896,0.1599633190944148,0.3678744075901851,0.2858186691768679,-0.6088479613350356,0.13319981932506691,0.16517028661996963,-0.6526613662596961,-0.3519982434354317,0.027522799455592915,0.16833047235553525,-0.1888970010293292,-0.23817082158919742,0.02554669009211838,-0.28414643059825895,-0.44721955062294544,-0.32738865422018415
attribute_46,0.37570484128855924,-0.2512241759897282,-0.09074657972063983,-0.32628275686112057,0.03381438119402517,-0.13601666441388097,-0.35881570534824075,-0.5855644953645934,-0.27259178421394226,-0.3593725595085571,-0.5184362980022136,-0.6698683255529475,-0.6302957453773426,-0.3088818817609913,-0.13055903910583677,-0.04818808333322188,0.22723920976544446,0.2797624420816432,0.2689585963327705,0.24464542112668258,0.1388716512463019,0.40129635664635865,0.4833441705705793,0.3682613198005177,0.36101037766349237,0.5636912445774741,0.3999868983275824,-0.04448593518668763,0.34806266411138764,0.23672988742010947,-0.1105573844712852,-0.20123352406062012,0.36452214050286874,0.3779399922861776,-0.17143819305567315,-0.11732169411184856,-0.06902108274025526,-0.25305044570197954,-0.23810122650679721,-0.06009526970497527,-0.08628519224978493,0.16420616718406641,0.016533084082488752,-0.05552471687760449,0.4363530092392073,1.0,0.6215091923907703,0.4447456757202025,0.8116958096686762,0.7249773744670639,0.13304628514055258,-0.48914563896075514,-0.5317881046947899,-0.4190784390163919,-0.43794661417558417,-0.564874971446571,-0.46260831911385125,-0.501659823444711,-0.58442094164971,0.00401954208868692,-0.2634280119259553,-0.4610117602697821,-0.046524482813984
attribute_47,0.48939524199783846,0.0714652478820563,0.3545152999073076,-0.2689500450208828,0.1559457172944768,-0.02158126332730092,-0.2871348400506022,-0.19445583690482787,0.1632873179971385,0.1325328131837484,0.2110980529915378,0.051176456217956884,-0.09038157479980184,0.07245679889976968,0.3123746796373332,0.43261604165676776,0.5061140601222986,0.533707008042436,0.5963039572864816,0.4641216696343889,0.08764537506016924,0.21560710453989662,0.081297760288387,-0.18270262017583355,0.12312960131680188,0.23246613973879818,0.2386263396723324,-0.014879884308914801,0.19655239189863238,0.4194221629997051,0.3085207067211442,0.007441216420896987,0.19947098573832445,0.08050092359158369,-0.37438578165144637,-0.3173349136875431,-0.02237574533491024,-0.15367551969903356,-0.039938855455546644,0.20301800693549335,0.21737528493610367,0.39953306683175854,0.08338810043188465,-0.1634931797529658,0.29863613123316896,0.6215091923907703,1.0,0.864935681589745,0.6366926843634828,0.551372589030669,-0.009621883626410479,-0.1472806954399195,-0.17588622694767786,-0.34829493163114816,-0.1193099180091031,-0.040648816702271995,0.18241730330696437,0.10200290514638823,0.04622049390467178,0.45154323897414905,-0.43329589766850213,-0.4293866783597691,-0.2549795432396731
attribute_48,0.6479162298755206,0.0733163234388868,0.33244646578065123,-0.3495970156467835,-0.18948770868454196,-0.28256523540329337,-0.46351386795835026,-0.3073548344766162,0.0470467687503363,0.041249952290658934,0.16242223126570723,0.167592792378957,-0.05405689330412462,-0.06767432315056052,0.17047023212769188,0.32208172653075223,0.5359643540268086,0.5436542577594763,0.43114158656344753,0.1827268666745099,-0.21818548420491973,-0.06917159439500942,-0.1761724080207686,-0.5451537351378685,-0.15107413042318865,0.04962507073086455,0.008120734692973157,-0.06097886801226082,0.2375138353241209,0.3387705267164964,0.26702853154487954,0.11385926118598308,0.2297272777053339,0.10095273892400797,-0.24722665523574663,-0.21686172169127038,0.12301294723465188,0.04369493353313283,0.09467279390370889,0.2337563529554551,0.36536988135069853,0.668377594757728,0.36838679648000233,0.021113787984793124,0.1599633190944148,0.4447456757202025,0.864935681589745,1.0,0.6738513375719987,0.6018493568864571,0.20853533031418497,-0.2195081888337178,0.1082283423969227,-0.25821514640071025,-0.018255041199770602,-0.09213562203784637,0.15204759681795532,0.40767578185341835,0.3058977681994733,0.688719922670044,-0.18334503243032582,-0.4888513219804234,-0.20014831418117734
attribute_49,0.7658257123271345,-0.048244052414420625,0.24528613046912073,-0.2581443578247826,-0.11096346389256925,-0.22775866809928455,-0.40153210223001007,-0.5159772229203822,-0.14683895100392183,-0.2420661211257964,-0.32567436324883803,-0.3539880064769553,-0.5118464489875041,-0.37132101788458455,-0.1574034568340968,-0.06469349387448373,0.28088124698227246,0.42595796680076214,0.39462436572520815,0.28618065528571424,-0.1705169443078348,0.04484471718054755,0.3267409661359011,0.07896069228985451,-0.16724363331863182,0.10439341185681004,-0.028780669644882028,-0.32320884531054367,0.1523051689323288,0.2982849560702261,0.19836334295449706,0.26358318922787183,0.6911509679143646,0.6734528401085292,0.08664847126791321,0.09078171907947043,0.2678415755445057,0.17960785648381192,0.18101572404248073,0.2767179691639018,0.272613316235036,0.5364222703027792,0.3197502757928031,0.13937489040362736,0.3678744075901851,0.8116958096686762,0.6366926843634828,0.6738513375719987,1.0,0.81364250056248,0.4347867942888631,-0.26406431956489196,-0.07327622499668171,-0.3633670046487158,-0.4149612854285307,-0.6124340263266709,-0.36820535064126164,0.022450616311606116,-0.1987890905979265,0.1944841389027835,-0.3963662845423831,-0.597712032613217,-0.26718210130704695
attribute_50,0.5700565971044517,0.17250042509927888,0.1478975865069654,-0.42045048652652345,-0.27237630767248483,-0.07706172659735554,-0.16131651229821908,-0.2600798092305818,-0.0015957751793741095,-0.1317439508671092,-0.30756661305834393,-0.2760721134653694,-0.23989970403015773,-0.038569699134999004,0.13986505320846795,0.15613581892842088,0.3081200390568826,0.27425805548949195,0.12768468956435564,0.053742307668378536,-0.15402637165429145,0.014642348711385004,0.08578033750890314,0.0545798554569996,0.12348192937011535,0.33193338498138886,0.09800760860503234,-0.039069401082107755,0.45995458811209977,0.5001761723049535,0.2077216806393134,0.025276003348682914,0.26034011696529596,0.255216850116219,-0.20726445217771822,-0.2207492468202795,-0.07178751677520416,-0.14723207890581474,-0.23659927851432358,-0.048875059859451085,0.020651556634644342,0.22621435816704086,0.06097604959307953,-0.05668819147860574,0.2858186691768679,0.7249773744670639,0.551372589030669,0.6018493568864571,0.81364250056248,1.0,0.3625260853504124,-0.3151210726694385,-0.26472426937440796,-0.21749186066223544,-0.21651473931466036,-0.2672313399596066,-0.20287360263735346,-0.05333102527873879,-0.15603846546266853,0.5051280103158328,-0.11384920639978424,-0.4369678214543891,0.27833856042137134
attribute_51,0.5247776784954281,0.1319534753958862,-0.21078621050514199,-0.39501004213847196,-0.0388616175529392,-0.11887671018865562,-0.08738776223815224,-0.2408463442697919,-0.3828773715798507,-0.42444868271487074,-0.3650150224521588,-0.13281699889832307,0.13446446361627792,0.06673358448682416,0.16581396426285613,0.2584660634832692,0.44568633231499577,0.41851112643551375,0.1554022489129958,0.053164105547991385,-0.22430126797740293,-0.22205345129282344,-0.03840227859793594,-0.14757392677055742,-0.6560404222341325,-0.4186365443193115,-0.7507622300182556,-0.8213704953474957,-0.43375265649876854,-0.3664872133366363,0.04488399977125566,0.4439793247042124,0.521075042113856,0.4371808458923414,-0.063443019621575,-0.12562614183423973,-0.22330454600563718,-0.055135089438040276,0.03388111577370191,-0.03886907648144678,-0.1360784155650674,0.08377501759665143,-0.0765327109522191,-0.35901867167842333,-0.6088479613350356,0.13304628514055258,-0.009621883626410479,0.20853533031418497,0.4347867942888631,0.3625260853504124,1.0,-0.28192073193311257,-0.10796766765300597,0.4502220565370631,0.057801095451123406,-0.5394397052776775,-0.47977614862174944,0.2572304639864767,0.005103781487811398,0.009359592383289284,-0.030781913501701636,-0.13876022779325564,0.05962697670889219
attribute_52,0.20293688613357297,0.6903699699243242,0.7926868299125519,0.6247950401670433,0.4924737299484243,0.6893862002161332,0.711128129677497,0.8134525813318734,0.8374132270077391,0.6895332703526788,0.6272595158975512,0.4562062043987965,0.20757879603755547,0.09937661054949296,0.03478742950506506,-0.14409063016127358,-0.5611477795459061,-0.4381742621538351,-0.09143236903649726,0.06452426973940921,-0.1904639426888297,-0.4395712430211756,-0.22825858408568922,-0.02406476321629535,-0.34117175440770986,-0.4312607458576777,-0.11743559126406658,0.10397107970880984,-0.14142778662420755,0.4845128209730405,0.8098452450318198,0.6843043608111602,0.19729451069964285,0.17453929206525473,0.459171300024849,0.4407554435451711,0.49524560253780486,0.5951128647588315,0.6435697244726765,0.7306180189340302,0.63686652221465,0.07921479064890682,0.11305922413870961,0.3791239701422763,0.13319981932506691,-0.48914563896075514,-0.1472806954399195,-0.2195081888337178,-0.26406431956489196,-0.3151210726694385,-0.28192073193311257,1.0,0.6557626210103058,-0.31126922457935385,-0.27543361031797076,0.38611128358302704,0.4670061083030378,0.41486992183234955,0.5483504259974986,0.004416147466221781,-0.3687144405590433,0.4126629973642955,-0.211586765980733
attribute_53,0.36773447761908956,0.2895889522986453,0.6670632649699237,0.5175029270579273,-0.1292090113303588,-0.008743362604049976,0.07062303009894369,0.2899591576344998,0.45070986772568494,0.44143115675795913,0.48810253209907517,0.5187516759361137,-0.008117442289258961,-0.35161355269662337,-0.38574031053349594,-0.43075348005712155,-0.40333543775231867,-0.23020496147585282,-0.12635156966828595,-0.19340187092130132,-0.4806272645011592,-0.5833543244792998,-0.33896121416050407,-0.49672687700304946,-0.6051345511245282,-0.5819523248555898,-0.2891865226675116,0.07010500175382131,-0.07109591226539878,0.23641640364123426,0.48241582399927724,0.6152962857454695,0.28937060333716746,0.2719574861958946,0.6330590202244337,0.6018724083262865,0.814157082124308,0.8939653670889479,0.8383524219086336,0.7145894106302652,0.8261695919134219,0.6207944704945596,0.6545138925788083,0.7308930279727827,0.16517028661996963,-0.5317881046947899,-0.17588622694767786,0.1082283423969227,-0.07327622499668171,-0.26472426937440796,-0.10796766765300597,0.6557626210103058,1.0,-0.27868042430078965,-0.11692592354152156,0.17604231963778738,0.37234092668236196,0.7457048692011868,0.708493151450678,0.23868175864642796,-0.04204968555031068,0.03046000331941638,-0.4073694094772558
attribute_54,-0.4033235598142434,-0.19510044001710933,-0.4604532683057064,-0.17488751681337458,-0.2199587054892959,-0.22916650382317436,-0.02866387554293014,0.049733349630840445,-0.3191017679976992,-0.08779389926800399,0.08801478692663595,0.3767971419205495,0.6263549592462508,0.5111446902060068,0.4501416925646941,0.5258370639687798,0.5921918053321851,0.48372369824946054,0.2479782804921205,0.22868279172037018,0.3604871875767173,0.22213978445004723,0.07009001982061044,-0.002729191170229103,-0.2381629542908076,-0.4592659509636151,-0.662086017687709,-0.5276502068266596,-0.6209808758266759,-0.6853674407604287,-0.371382700413027,-0.15735688792258096,-0.24514635051226144,-0.2756091302924153,-0.4523808822613371,-0.5469503802427028,-0.5799531161592945,-0.4050702452856637,-0.420457862738473,-0.6388803405875372,-0.7033505045767835,-0.5384826541681185,-0.5694125894580714,-0.7086377474941788,-0.6526613662596961,-0.4190784390163919,-0.34829493163114816,-0.25821514640071025,-0.3633670046487158,-0.21749186066223544,0.4502220565370631,-0.31126922457935385,-0.27868042430078965,1.0,0.8205310501229884,0.21646262346275047,0.10290847926472421,0.2014099219238272,-0.12311675536073093,-0.14808578536285436,0.24192409094897488,-0.10891874993286627,0.15105252875564426
attribute_55,-0.4569300945761643,-0.2871990010453258,-0.2468475366991946,0.03995609375617822,-0.3759486314295975,-0.3293415213514074,-0.14972704507138448,0.0857268160091414,-0.06874104274175913,0.2724283005018749,0.42733352571147154,0.6264946460602479,0.5541151316603021,0.3876112066206607,0.36248351476080576,0.48294759166047435,0.6588561531789539,0.5475027811672718,0.29694393494744037,0.2245327270950037,0.518521303566402,0.4000675822427966,0.038197250827339484,-0.23653567159888264,-0.03302886408765638,-0.367157762289617,-0.4183090069402039,-0.14815014652612457,-0.36494886895120243,-0.4895280713057655,-0.3642702400520316,-0.37009204781870736,-0.4682831547951704,-0.5363520561994235,-0.6277397228426664,-0.6992649691257596,-0.45771525749887004,-0.37164068036241105,-0.45968543322567923,-0.6459482126475681,-0.5574515477786639,-0.4026378764233107,-0.4842143113539198,-0.5383326842095549,-0.3519982434354317,-0.43794661417558417,-0.1193099180091031,-0.018255041199770602,-0.4149612854285307,-0.21651473931466036,0.057801095451123406,-0.27543361031797076,-0.11692592354152156,0.8205310501229884,1.0,0.5864869394557455,0.5440155493098028,0.3730128803425185,-0.027296120192440782,0.19187300690656506,0.4160535225368395,-0.32181000716522107,0.08536271301867651
attribute_56,-0.42346936227792875,0.2803766122053025,0.310091873022639,0.35233499837416404,-0.03373054969459496,0.28480921980152646,0.40709556938232627,0.6950829196300832,0.6491270689887904,0.7820269038897787,0.7888800357301105,0.7457774136369165,0.5701180170023433,0.4774790870866929,0.40976056912404213,0.34125967270065277,0.0605470159959976,-0.06259346833635408,-0.02807611730606211,0.030705139938221784,0.3244073204144194,0.10893349947172895,-0.2760474280491295,-0.22815934458036816,0.24228473617491716,-0.11547842415200305,0.08032014864791501,0.4701058035475142,0.09819062291380104,0.25042460898771857,0.21524258681576744,-0.20563857652391399,-0.6586509146955237,-0.7102425213146993,-0.4045657010386772,-0.43011257502817196,-0.18143019283389095,-0.15089308793489428,-0.24122974282248974,-0.18608581355260473,-0.07752266342879022,-0.3579546353684469,-0.35547140261670673,-0.15331085234181874,0.027522799455592915,-0.564874971446571,-0.040648816702271995,-0.09213562203784637,-0.6124340263266709,-0.2672313399596066,-0.5394397052776775,0.38611128358302704,0.17604231963778738,0.21646262346275047,0.5864869394557455,1.0,0.9137121041714499,0.345156939935869,0.3368559889587148,0.42357099635944395,0.25067547662660233,0.12719203925445693,0.23999462225698903
attribute_57,-0.15080612218478573,0.23713477346701547,0.5624963051175864,0.5080031022749892,0.002327289721405088,0.2050288346095845,0.26814150041396523,0.6027712344731818,0.7321014941024336,0.9070577147201007,0.9402670965005949,0.8495282898575389,0.4246873879549665,0.2806150278374033,0.2861267751405621,0.28059667696260804,0.1680425492654035,0.16050374774752724,0.2382672137449153,0.25008540901159365,0.34959459216549266,0.15354828428687708,-0.13426316007795122,-0.3131015417782386,0.02294493907341397,-0.31698758495150503,-0.04444093370499812,0.31174782519311245,-0.03165037085248743,0.28175910922957287,0.3571111640571423,0.0018518231565459909,-0.35521949493810084,-0.44955499312117875,-0.3254661587441915,-0.35258636126040344,0.06840507639540652,0.08708461102197772,0.020543390259677562,0.055447660005563566,0.16302697885254094,-0.0907495438104424,-0.1992784314029827,-0.02479735629434048,0.16833047235553525,-0.46260831911385125,0.18241730330696437,0.15204759681795532,-0.36820535064126164,-0.20287360263735346,-0.47977614862174944,0.4670061083030378,0.37234092668236196,0.10290847926472421,0.5440155493098028,0.9137121041714499,1.0,0.5740049099278393,0.3842488173828954,0.46371697142346635,0.07260700188114835,-0.13562029489920735,-0.10172822260979025
attribute_58,0.44962384507901476,0.32839254713942356,0.5833414651606889,0.3011767671120703,-0.1572684952301302,-0.060968836217221566,0.02542598590200378,0.31269685285004795,0.42141979049709677,0.5307628885585034,0.6741827713555373,0.799016038625158,0.37117318489674905,0.019999730570309737,0.08618682220576843,0.1507566719357012,0.25554002496609446,0.3286795823023846,0.24812837931987503,0.10363952865856878,-0.20558971428322897,-0.36155345789899107,-0.33493204873148374,-0.6780284681297464,-0.746308046908427,-0.7905683511996546,-0.6569961996911244,-0.2770931035891955,-0.33125235247752205,0.04839914649992368,0.4808984119138841,0.5793317324037628,0.23682694786077077,0.10036983947706032,0.0667770148353908,-5.597021348011184e-07,0.3648306165159245,0.5139029338018039,0.506338719774938,0.4015806984533653,0.4983972696281626,0.43708803342990266,0.25894099075511706,0.16082501564352314,-0.1888970010293292,-0.501659823444711,0.10200290514638823,0.40767578185341835,0.022450616311606116,-0.05333102527873879,0.2572304639864767,0.41486992183234955,0.7457048692011868,0.2014099219238272,0.3730128803425185,0.345156939935869,0.5740049099278393,1.0,0.6943533756629564,0.4988452907546189,0.008520469127281428,-0.22089884831195328,-0.3142926112162669
attribute_59,0.3149591909920732,0.6312833923599572,0.5010974734533146,-0.036264673383115655,-0.007836451047460818,0.18013087625127872,0.21192108300694326,0.48205015487480113,0.43608943801937705,0.3063201082377665,0.5010603665186966,0.6036572595967237,0.5201237565887894,0.25547095342579346,0.2482601138995171,0.17564635200506326,-0.17602037217160216,-0.222842538314199,-0.17768741804592422,-0.30309199784627605,-0.6740926638473631,-0.8119311229849207,-0.8314877148752846,-0.7443068577395268,-0.46965402589702954,-0.3566530382173672,-0.21460634596237144,0.12483559092127337,0.05813944246716552,0.3566583588670875,0.601448860598872,0.5094305877703664,-0.08454959264430179,-0.16161648258131198,0.2784764470977254,0.27210699732595456,0.32440403944568336,0.4419246262732922,0.5050498411825524,0.5539579498427059,0.6428955957188307,0.4991166825789518,0.4818607295660583,0.2909612060157223,-0.23817082158919742,-0.58442094164971,0.04622049390467178,0.3058977681994733,-0.1987890905979265,-0.15603846546266853,0.005103781487811398,0.5483504259974986,0.708493151450678,-0.12311675536073093,-0.027296120192440782,0.3368559889587148,0.3842488173828954,0.6943533756629564,1.0,0.5397693713763694,-0.06330170802500107,0.39732294830268367,0.005863827288133306
attribute_60,0.38679208198212744,0.4083830241560299,0.3368462404656394,-0.19866129352237,-0.33788060705772527,-0.01134812092982966,-0.01609257511234595,0.17672550115187516,0.3798834779546928,0.34851924726269606,0.3241879768224139,0.3775326161643711,0.22759138574599283,0.13321708362826812,0.2597999951421033,0.2881800919923637,0.26883266768476655,0.0994232395312525,-0.12905760043940276,-0.3064246954220437,-0.2873280565333706,-0.2741997437363415,-0.5862629595906717,-0.7099080419605663,0.007182766644461844,0.09991478882908443,0.065216593318992,0.364039582729241,0.5397422052620874,0.5221284963068745,0.34765243040234006,0.0031970094358828266,-0.2622124654805174,-0.38139001179113463,-0.3505745241365461,-0.3462241194079594,-0.03864308246092471,-0.05661746930104294,-0.13203196596082384,0.03998395096041978,0.2927214314589552,0.35016044605464974,0.192066882385402,0.07266082745657275,0.02554669009211838,0.00401954208868692,0.45154323897414905,0.688719922670044,0.1944841389027835,0.5051280103158328,0.009359592383289284,0.004416147466221781,0.23868175864642796,-0.14808578536285436,0.19187300690656506,0.42357099635944395,0.46371697142346635,0.4988452907546189,0.5397693713763694,1.0,0.32041446249126854,-0.12152544475975655,0.37866555990545175
Discriminacao,-0.30617587469310265,-0.21175685502654112,-0.4865100600982625,0.03561499141469883,-0.43860347552942436,-0.229898073777726,-0.05913289035408718,-0.10136682007647117,-0.19002915604024298,-0.040939156363931334,-0.17376688700008966,-0.065841013907982,-0.04511536275407343,-0.20671402509567863,-0.2716604654472027,-0.21093890983321184,0.026088729406221957,-0.20329545517722197,-0.6245537622533048,-0.6927298610138505,0.0822170430866991,0.09397173549203303,-0.2934960712781906,-0.3949703503133096,0.18462213460203714,0.14830349819184682,0.03150252040409153,0.36491481371328227,0.32480058118740956,-0.3146014922808412,-0.5072140067122727,-0.4692985758378491,-0.5178917345670269,-0.5570116106163137,-0.336929557343802,-0.3354428282500816,-0.3164441224589202,-0.31086862666375037,-0.4551681813781228,-0.5501369234476721,-0.30181250273546417,-0.23302680093152392,-0.1313758637504612,0.01599562968126804,-0.28414643059825895,-0.2634280119259553,-0.43329589766850213,-0.18334503243032582,-0.3963662845423831,-0.11384920639978424,-0.030781913501701636,-0.3687144405590433,-0.04204968555031068,0.24192409094897488,0.4160535225368395,0.25067547662660233,0.07260700188114835,0.008520469127281428,-0.06330170802500107,0.32041446249126854,1.0,0.07654195956058618,0.5711988051496346
Dificuldade,-0.22607167321740262,0.5671454302113913,-0.1173861462655942,-0.10415563201905836,0.4730354514693353,0.6209916065655703,0.6455472693348598,0.5509139618030067,0.18423176157409182,-0.0740928239141624,-0.06418676858785916,-0.10872160806645743,0.37263720425117486,0.3792804410418671,0.23400306408507476,0.04681254085818245,-0.5838990998106018,-0.7651872206372395,-0.6474656482887355,-0.5286612496020847,-0.3999472468850075,-0.5571661018583964,-0.638407470952755,-0.07851626659401438,0.05844587869191232,0.16046962957933228,0.1710298885522828,0.2620582639851237,0.11637252032957326,0.11872351110449572,0.24232152192450945,0.15161497347194275,-0.3463411228771833,-0.34060736543788184,0.20162477409359095,0.24464116696476157,-0.1992917904690495,-0.10586527296477224,0.034539416154900325,0.17474380162434106,0.08160874112054044,-0.26268905276420645,-0.06439514216362499,-0.010641011930512511,-0.44721955062294544,-0.4610117602697821,-0.4293866783597691,-0.4888513219804234,-0.597712032613217,-0.4369678214543891,-0.13876022779325564,0.4126629973642955,0.03046000331941638,-0.10891874993286627,-0.32181000716522107,0.12719203925445693,-0.13562029489920735,-0.22089884831195328,0.39732294830268367,-0.12152544475975655,0.07654195956058618,1.0,0.4673736292440178
Adivinhacao,-0.2345171865962376,0.3510186923428275,-0.39882677136634853,-0.4082363161442826,-0.15047566552293998,0.2740542658400193,0.38566755835928757,0.25330804709167093,0.00314494561989021,-0.13751433546608438,-0.3159084388639437,-0.2233860821550447,0.28016890484458595,0.39404901731824055,0.333026036341099,0.21828373768449147,-0.08309017645193495,-0.41942566962947986,-0.6757474182075391,-0.6295093443982468,-0.14152896748126934,-0.1690747567445554,-0.48556843311536535,-0.06522927823961586,0.4264177969393538,0.4899280421419863,0.23023207458187483,0.3978971351583035,0.5410084547328713,0.1882289800814954,-0.09587824392672863,-0.3551381132431844,-0.60557294409896,-0.594084023787557,-0.3857044411408061,-0.38424346274138177,-0.6195843287649946,-0.5925679694563724,-0.6729284529288692,-0.5079015744250543,-0.41221011670921237,-0.47493963687522456,-0.3535970195236166,-0.28904435919803884,-0.32738865422018415,-0.046524482813984,-0.2549795432396731,-0.20014831418117734,-0.26718210130704695,0.27833856042137134,0.05962697670889219,-0.211586765980733,-0.4073694094772558,0.15105252875564426,0.08536271301867651,0.23999462225698903,-0.10172822260979025,-0.3142926112162669,0.005863827288133306,0.37866555990545175,0.5711988051496346,0.4673736292440178,1.0
