,attribute_1,attribute_2,attribute_3,attribute_4,attribute_5,attribute_6,attribute_7,attribute_8,attribute_9,attribute_10,attribute_11,attribute_12,attribute_13,attribute_14,attribute_15,attribute_16,attribute_17,attribute_18,attribute_19,attribute_20,attribute_21,attribute_22,attribute_23,attribute_24,attribute_25,attribute_26,attribute_27,attribute_28,attribute_29,attribute_30,attribute_31,attribute_32,attribute_33,attribute_34,attribute_35,attribute_36,attribute_37,attribute_38,attribute_39,attribute_40,attribute_41,attribute_42,attribute_43,attribute_44,attribute_45,attribute_46,attribute_47,attribute_48,attribute_49,attribute_50,attribute_51,attribute_52,attribute_53,attribute_54,attribute_55,attribute_56,attribute_57,attribute_58,attribute_59,attribute_60,DisNeg
attribute_1,1.0,0.7069171020373549,0.31858445074139574,-0.34507850834316256,-0.2893144898826994,0.04280546769012625,-0.029292560823177643,-0.27482780137476653,0.12163887649017384,-0.1305317316374607,-0.3231158313987359,-0.495719252731019,-0.6546878363801268,-0.8057178158586653,-0.7121029142514617,-0.6225402685252576,-0.4863153734567449,-0.49281305485987903,-0.6616282184412077,-0.6466110210919942,-0.4636807276552625,-0.36748795864158984,-0.2015325912952399,-0.2274436981999454,-0.12445349270082491,0.18704109211343367,0.11190759309161537,0.10091741359897727,0.4229042191972383,0.31744069176741957,0.3497888698941046,0.4402087531026045,0.5197028498888923,0.607533908200746,0.5591278783000365,0.5882692831213652,0.5562318014074541,0.3812543857242049,0.46873797815022156,0.5932064075710632,0.6710451370364646,0.7618115833616339,0.6000759381464096,0.7566033242318684,0.5448372469848014,0.4322897275487893,0.2829424431928114,0.21425429478013724,0.7276465324803161,0.5004428483439941,0.21156758444826954,-0.23821427248302413,0.014254099256348579,-0.1593030812041183,-0.6621976806795109,-0.6898018036425794,-0.26286499175157974,0.3733357825192113,-0.05877495128702943,0.24151689349831998,0.36663031713342276
attribute_2,0.7069171020373549,1.0,0.8447945961541266,0.07068801938230647,-0.3653849682372921,0.4289728698434516,0.489693430702932,0.4618768502321703,0.7416255719516688,0.5589322983538755,0.3819821649755325,0.1714949219218378,-0.19545683123002172,-0.5087376382233375,-0.5146488625802412,-0.5266076769884396,-0.6558657958773422,-0.7390235980298432,-0.6980947197375267,-0.593300431260007,-0.4228171996482157,-0.47229016158873244,-0.42974905700377386,-0.4283494893959921,-0.23957406868503098,-0.17055648703084772,0.11948706076726118,0.5312919671865238,0.47403726198655427,0.6858128686258059,0.8060214926879842,0.6043749934490957,0.28279583959081284,0.4363407949493848,0.6437953854444247,0.5553979849678146,0.7666097056999297,0.6176024985222102,0.5721270783192985,0.7138111514873565,0.8189337818537777,0.580504829942542,0.4604781907638107,0.8182472392691527,0.8191986755632874,0.10577356268910902,0.2949019538271579,0.21655727398412075,0.4014248055111683,0.3622292780777785,0.03515096057546601,0.3125634681847065,0.4397048273363111,-0.27788719464560135,-0.5893155179695786,-0.2802519634468675,0.3520299065036094,0.7380394011420954,-0.0731940330059717,0.16779245252408043,0.07075400278509313
attribute_3,0.31858445074139574,0.8447945961541266,1.0,0.4763402616069577,-0.09867915540692813,0.6218918688491927,0.6539227684559743,0.7625627406386866,0.9206984549759598,0.8149413168544131,0.6825462902148877,0.4959772905896654,0.015370634926636513,-0.3046027616748689,-0.332683691514735,-0.4154194434730733,-0.6586714727791639,-0.7883891007260017,-0.6150279566237563,-0.47109174075380145,-0.3391144102209235,-0.45620772619548117,-0.4747388468381071,-0.4521391730208547,-0.26717193356043756,-0.27661423762127124,0.21370699550360475,0.7268119105605371,0.48699868545923813,0.7991939837299815,0.9139519115006538,0.5893769886399518,0.1597465346065104,0.18454814295443106,0.4736738361012313,0.42338500836155396,0.7656689897798427,0.6727104226774056,0.5591489317447572,0.7296329754402751,0.7878264680430334,0.3764277350368395,0.3610050148186423,0.6957857612689088,0.6801487828020003,-0.11803944170186523,0.2290752767457045,0.26668018328532145,0.08729976761226362,0.14928834075758995,-0.1629735094042472,0.7254828378714308,0.705437056532202,-0.5588389717615523,-0.4128336694396485,0.17930510377155534,0.5912857658161806,0.6637443824322932,0.10184266300405187,0.19359217060773792,0.02476933885052317
attribute_4,-0.34507850834316256,0.07068801938230647,0.4763402616069577,1.0,0.6476717316148093,0.689463828959147,0.7090959951577362,0.6648653207076916,0.49619261090200556,0.5304330455983957,0.4576815142642034,0.3350244656962996,-0.04334566197713883,-0.13480504613179928,-0.2594573520619674,-0.4000801103560865,-0.5855634651488767,-0.5733751556354918,-0.1626624729425439,0.2068020413479048,0.2877110172568011,0.08217563299650466,0.20748718237037184,0.21151410895767106,-0.14245108529786255,-0.44390714191926806,-0.059902697733388986,0.1973951576793771,-0.2243537235239398,0.09206360634324448,0.30638617410830654,0.30375809709374957,0.11261674498358014,-0.06753459570743334,0.07708008103659651,0.179021517552319,0.3521235763953662,0.42279596784073015,0.3604549812812203,0.35126573265094624,0.19348129922725857,-0.33637582192726706,-0.17629361819279482,0.20230630444093345,-0.01803294790574648,-0.4972602065073203,-0.4414466910723539,-0.39759327739930045,-0.566597638160816,-0.5328016376651419,-0.4413999340759715,0.8619989261416673,0.4739460411484124,-0.3491365525420429,0.13481317031222967,0.5834817132235484,0.4405414480240251,0.05308087231815607,0.2486583948426895,-0.10180297163941973,-0.20593374130863662
attribute_5,-0.2893144898826994,-0.3653849682372921,-0.09867915540692813,0.6476717316148093,1.0,0.4861513097481958,0.252256468549653,0.05299723517960665,-0.019699977060492646,0.02370329732631432,0.009498195457327949,-0.1991441710059186,-0.33744442168614136,-0.21120835744142646,-0.19883671010699133,-0.17828465135335833,-0.16230922985656634,-0.113102689342961,0.202103728922764,0.41216088843183535,0.5315896533210174,0.4694010072781208,0.4344100037305063,0.3312436029236214,0.14828168149405854,0.02287126291457895,0.19887198808777856,-0.06737661575133477,-0.33037954488256505,-0.32202381010976067,-0.18832379725557732,-0.09164022800544075,0.0898667664840767,-0.19359306764517573,-0.3367316964554688,-0.14274534023634539,-0.1442852019330892,-0.1191261433267599,0.040753531907126175,0.09753748203447153,-0.09451977968764538,-0.359201143937821,-0.3279085985922684,-0.15389654590604349,-0.3475638940587516,-0.15263040716240048,-0.21306737946909246,-0.31993245920723345,-0.44235337792547574,-0.5792182859827196,-0.4317692806648808,0.3161827426216981,-0.06504180424238035,-0.26427976580504625,0.15839886196679448,0.33174926205216393,0.048891280290874015,-0.4354722411612805,0.15182965274200716,-0.11900690949704623,-0.017781954388039013
attribute_6,0.04280546769012625,0.4289728698434516,0.6218918688491927,0.689463828959147,0.4861513097481958,1.0,0.9123140188427139,0.6915458170588152,0.7840942831862955,0.7626560222314944,0.5120910439016239,0.1426604566384167,-0.21216496251781491,-0.3468943647387903,-0.37671676482504857,-0.38901584336986705,-0.510947331043643,-0.6095983205948018,-0.33994559458550583,-0.0007098238419669723,0.2542174065589171,0.16425542921612238,0.08698050094040065,-0.02177526203518667,-0.07941396932067218,-0.15504809909918982,0.2843662999195415,0.40693879524554705,0.13897752948222744,0.4463702735836895,0.622042079555386,0.38319795915059507,0.3080749850897293,0.25559791327611275,0.143358018807136,0.07475744845513708,0.27742810749898594,0.2126246053926158,0.2024115105704939,0.40130029783595006,0.3180477000311018,-0.24489933252051593,-0.3208331942840578,0.21674531045514153,0.495478508465417,0.1333025465430696,0.16077630162888637,-0.07919573935526353,-0.015316263729188314,-0.028253659147021434,-0.12279059746426824,0.6097707683620192,0.2913791767597479,-0.4964941507405675,-0.42407679512203766,0.08285900660271456,0.3512356358542631,0.022729851888086097,-0.3714753747956877,-0.3241756456038295,-0.3280351389343389
attribute_7,-0.029292560823177643,0.489693430702932,0.6539227684559743,0.7090959951577362,0.252256468549653,0.9123140188427139,1.0,0.8261344615223859,0.8086732444607879,0.8069177052521799,0.5713874473185926,0.3041345938911258,-0.03442717826077424,-0.2328567522954762,-0.3566294594563791,-0.4287802127692114,-0.600475421369109,-0.6629469890687681,-0.3811007910662573,0.013692938158266998,0.2086773411892666,0.055708663460543685,0.09432618765117332,0.03750855084035634,-0.2055339243861358,-0.41913139257955373,-0.020516652851180442,0.2873087303584396,-0.025663787172880575,0.3915998242574734,0.6305360792849127,0.4761610833497087,0.2787312316429018,0.3218632932806713,0.32327100667932834,0.19900624343711432,0.37271557775960207,0.36231091979872254,0.27520043051548426,0.34988223317846046,0.2725902824473567,-0.3170482053234341,-0.3289305448723625,0.26043163211665693,0.5032724529955408,-0.07411979101176024,-0.08244814475121771,-0.27825912135109016,-0.12486794351768934,-0.0805180474035019,-0.055720658280832856,0.6710780209152692,0.3783764566906405,-0.2646496839676945,-0.3238039195589857,0.09735008706790307,0.4113031712741974,0.19800666142316614,-0.3714189777018462,-0.4174893828916261,-0.5052386122240062
attribute_8,-0.27482780137476653,0.4618768502321703,0.7625627406386866,0.6648653207076916,0.05299723517960665,0.6915458170588152,0.8261344615223859,1.0,0.8846238237938623,0.9508335366068589,0.9086527795451663,0.7791968912563181,0.44342231464910314,0.1659545281440169,0.031262030785802496,-0.07602773296502911,-0.3985767420075712,-0.5075627779687166,-0.21393256790373086,-0.02103414666303178,0.033157973900575365,-0.16406698620423643,-0.2777957626609501,-0.2761036626743962,-0.26582151962093437,-0.5338431834496571,-0.011530042742618134,0.5170217361446122,0.039877923632679335,0.4962635219609812,0.7016307800900741,0.3914752212893937,-0.08795995112350899,-0.0392387476671625,0.23909585426542238,0.09810563428667363,0.39047260934767136,0.4152169676957753,0.279093122857623,0.3273334051500802,0.3175376616181531,-0.20583251047652484,-0.16472431390260142,0.1906771106272111,0.3877304335036028,-0.36908116295325183,0.004815352810800179,-0.03437423250849877,-0.3671474047740996,-0.204307013010917,-0.16796583943940216,0.8156731890484452,0.6266196729646701,-0.2797470548963816,-0.08526681717918781,0.4226518966348939,0.7216388138983404,0.4675348334831852,-0.09595246579094924,-0.21869807238308514,-0.4635807013241819
attribute_9,0.12163887649017384,0.7416255719516688,0.9206984549759598,0.49619261090200556,-0.019699977060492646,0.7840942831862955,0.8086732444607879,0.8846238237938623,1.0,0.962037838089811,0.8097058172808526,0.5520503339657151,0.14316222582232327,-0.12082684715157402,-0.15733565223445134,-0.2165002842164875,-0.4783576103870291,-0.6305649645309389,-0.417205797871337,-0.24707851939250483,-0.08909235189024273,-0.2038252981151622,-0.3591140619696141,-0.38781261544313783,-0.15854429861590436,-0.24055653319454193,0.2923090017857825,0.7359077874461262,0.4072580580269084,0.7687676138011961,0.8812537830570385,0.4454009627785136,0.050409498108148466,0.11475886250547648,0.2937483495942551,0.1564269297539324,0.5055660303253895,0.41763106271424083,0.31051674254984324,0.5081895507160968,0.5575728524448968,0.07229385292011654,0.0018992329531344195,0.4157510864100578,0.7155734085530461,-0.020493485393392307,0.33068638454774807,0.21383455845559832,0.020763137718832293,0.13413589065466727,-0.13575842891708964,0.6808763712052056,0.5559507463132556,-0.4806069843031538,-0.38876519179306884,0.19333026561150812,0.6630826781159345,0.498037968881432,-0.18410715667088767,-0.03889395824382264,-0.206887348730363
attribute_10,-0.1305317316374607,0.5589322983538755,0.8149413168544131,0.5304330455983957,0.02370329732631432,0.7626560222314944,0.8069177052521799,0.9508335366068589,0.962037838089811,1.0,0.9080750325919652,0.6941625246274954,0.3571784211612757,0.09811449165912474,0.03554477348590651,-0.02374412265858896,-0.3166747652033913,-0.47936820715982675,-0.25232947192093663,-0.11566242316146644,-0.006085505428159311,-0.1386982460296391,-0.35987067280113355,-0.39372076251985516,-0.18210118821939164,-0.31763382130646267,0.23152592894595386,0.6738032002732187,0.27685943768487375,0.6742255672632397,0.8048963806549387,0.35908046415365474,-0.05958728359031457,-0.003489396169462909,0.1796920573181453,0.00933646433412931,0.343974410660168,0.304532735768462,0.1894773440876412,0.35216610347777283,0.38265817802628926,-0.11276759010097985,-0.15714232674252915,0.19104912351670217,0.5582952798997785,-0.10410267018149702,0.3001484455904579,0.19225140352745235,-0.1404993973570265,0.01466278616064247,-0.10820494643450518,0.7129645837752769,0.5586703353634382,-0.4269326876240172,-0.26800115853519213,0.30268314245186173,0.6940559070956316,0.41715167604656117,-0.23607946148465683,-0.17628704388883662,-0.37298783521304096
attribute_11,-0.3231158313987359,0.3819821649755325,0.6825462902148877,0.4576815142642034,0.009498195457327949,0.5120910439016239,0.5713874473185926,0.9086527795451663,0.8097058172808526,0.9080750325919652,1.0,0.8926112278222449,0.6332456945835193,0.346930045260881,0.2670719585407246,0.21770869306272306,-0.13241590319679614,-0.2766440039119555,-0.02801632443706162,-0.04300408177007236,-0.04238371483364246,-0.2059773278036434,-0.5080444140459716,-0.5217671610473598,-0.223947185968634,-0.42631152676762674,0.1264188459798242,0.6191975431232576,0.10237890081807818,0.47942231989061806,0.6471874794353392,0.24183583798362812,-0.3028345588036121,-0.2668459138896527,0.0859016415596447,-0.054095099033390666,0.2625271875200327,0.270058189888322,0.1982201180893558,0.28188680197790744,0.31947625552394604,-0.06820634536417221,-0.07624030397747748,0.06851672853599326,0.275976990991896,-0.37211122052139944,0.24070058795486385,0.21868430161550717,-0.40155687375295296,-0.24225152077042209,-0.19438562630234818,0.6934987580652167,0.6076723870588251,-0.2879625851172644,-0.019520195520433898,0.4613206462159048,0.7903076033283786,0.5274780596455638,-0.009701805158476186,-0.1076353342862372,-0.3773059643192548
attribute_12,-0.495719252731019,0.1714949219218378,0.4959772905896654,0.3350244656962996,-0.1991441710059186,0.1426604566384167,0.3041345938911258,0.7791968912563181,0.5520503339657151,0.6941625246274954,0.8926112278222449,1.0,0.8546278796747018,0.5649578264582902,0.44604231805680034,0.35469644308955045,0.010504489286569352,-0.10512341130718622,0.050345470340426385,-0.05880514882467754,-0.19848984670489522,-0.36962773588676145,-0.5783676673691901,-0.516770679086605,-0.3311595223170839,-0.5430117000238708,-0.12891081325946913,0.4247712909041756,-0.012391559575394912,0.3290534565922512,0.4648556399453191,0.18805705144814083,-0.39132264364805724,-0.350334608416792,0.10031329537625296,-0.02665185768525467,0.21972172806993168,0.3067614826097264,0.17322494604058875,0.13131723517986818,0.176689480068367,-0.05876888435277458,0.04260590757837025,-0.03278810378986748,0.0064263136184551295,-0.561929811899291,0.03807988524290789,0.2063430069832665,-0.5049244707484027,-0.29522504617047,-0.10081943835155159,0.6405764403075233,0.665359660657911,-0.13915689099496695,0.193397761589694,0.5507093748621249,0.6773789709309315,0.5465804999432479,0.17134868890292634,-0.05950794748746915,-0.37113164307148844
attribute_13,-0.6546878363801268,-0.19545683123002172,0.015370634926636513,-0.04334566197713883,-0.33744442168614136,-0.21216496251781491,-0.03442717826077424,0.44342231464910314,0.14316222582232327,0.3571784211612757,0.6332456945835193,0.8546278796747018,1.0,0.8189637562156519,0.7138429067362595,0.6822389841152823,0.44238045419119915,0.35292126829870796,0.34841972376603025,0.09811954518072541,-0.1264414403377904,-0.22222866575154185,-0.4830470627693438,-0.4334323287741654,-0.2587045796331363,-0.4228277121354195,-0.25013230351464094,0.09372720873972053,-0.19098203020012278,0.01794775735386162,0.08732778927297606,-0.08782789539009152,-0.49997364879421036,-0.40934481990400834,-0.09542549085223125,-0.2738576429872311,-0.1934794623656624,-0.06234063398406228,-0.16176839944193394,-0.28016759872589375,-0.2258392761865522,-0.2235867102249068,-0.14251492296317414,-0.4340399464137807,-0.267390063867927,-0.43167705047211075,0.05395414002046299,0.19761323702479988,-0.4619939225988532,-0.25124365776305396,0.12796769689641052,0.2259063149416586,0.34025351258453784,0.16192816538163943,0.3238902534210824,0.37908615184723937,0.385397859306785,0.28419223316134296,-0.01185147382832136,-0.23108226924452904,-0.481614323735091
attribute_14,-0.8057178158586653,-0.5087376382233375,-0.3046027616748689,-0.13480504613179928,-0.21120835744142646,-0.3468943647387903,-0.2328567522954762,0.1659545281440169,-0.12082684715157402,0.09811449165912474,0.346930045260881,0.5649578264582902,0.8189637562156519,1.0,0.9627449832833737,0.8963293248232025,0.7398033066525165,0.7228985289368571,0.7628171223233821,0.5480807140993935,0.3126422395245974,0.28106358297324535,-0.02776423303901094,0.025647779016249952,0.2964060479794695,0.03077662704366234,0.03597037447518826,0.10487321377252627,-0.15642741593263096,-0.14747136712468947,-0.3345728011386012,-0.6243976824576671,-0.8064194420936567,-0.7319488881066236,-0.598672063698399,-0.712879623571044,-0.6227592595824768,-0.5203940028885913,-0.6309525185239597,-0.7209224763005039,-0.6470675049133441,-0.5217561164296625,-0.46181720729096365,-0.7372060413482824,-0.29088785258094324,-0.2882867853372871,0.030500840416878387,0.0492737526126167,-0.501439282739476,-0.18948260983602327,-0.1724059250640327,-0.09713002821284596,-0.16417961068932244,0.3594079628393082,0.6706809104628673,0.558491690143425,0.38283847586699504,-0.149632210175362,0.026869536162081282,0.006596145151943107,-0.1758939670982531
attribute_15,-0.7121029142514617,-0.5146488625802412,-0.332683691514735,-0.2594573520619674,-0.19883671010699133,-0.37671676482504857,-0.3566294594563791,0.031262030785802496,-0.15733565223445134,0.03554477348590651,0.2670719585407246,0.44604231805680034,0.7138429067362595,0.9627449832833737,1.0,0.964456447819644,0.8501806868057302,0.8074366274628969,0.7922866144391048,0.512273486854207,0.3005184511873269,0.3317497307220712,-0.052314588987369286,-0.015208382437709634,0.42978894475691964,0.2742660701785955,0.26191469593440947,0.21594945319764,0.03729707971094333,-0.05780128878456081,-0.34794143739461897,-0.731659121823645,-0.8305804174993062,-0.7810203767420627,-0.7239489266229195,-0.8193365200046372,-0.7007547542263772,-0.647364196794117,-0.7358811492254788,-0.7396801222257295,-0.6342825870628622,-0.4345544610426179,-0.42552326284791964,-0.7597750589363322,-0.22774400303482625,-0.09632384844228822,0.2355709388138275,0.2312724364698196,-0.34580541622649014,-0.03779736745579181,-0.1916052702751235,-0.2219962901464054,-0.26632655824991713,0.24782287765307662,0.60922109674598,0.5197736617431874,0.3355313855196204,-0.2480272130412583,0.01777752988362553,0.13866702894489985,0.007064960532407833
attribute_16,-0.6225402685252576,-0.5266076769884396,-0.4154194434730733,-0.4000801103560865,-0.17828465135335833,-0.38901584336986705,-0.4287802127692114,-0.07602773296502911,-0.2165002842164875,-0.02374412265858896,0.21770869306272306,0.35469644308955045,0.6822389841152823,0.8963293248232025,0.964456447819644,1.0,0.9292718457616016,0.8656564520390514,0.7853805246951128,0.43594490868114255,0.24995750179036322,0.3211933498302489,-0.1251443430987375,-0.1308661670677049,0.37775082009834554,0.3229531123625041,0.2899117096765255,0.15098870424915634,0.033779654624669433,-0.10084146837149403,-0.3565104629644868,-0.7105907030514242,-0.7516751781825364,-0.702428449881876,-0.7092445918126897,-0.8232937144406638,-0.7590536907954264,-0.7242023895607966,-0.7430632374940651,-0.7176980830776878,-0.6135865508470684,-0.3600400106984968,-0.41089598500671337,-0.8016785958813939,-0.2619902964485697,0.03919699016451718,0.38015012957687483,0.33168029154978096,-0.23490925897389844,-0.0009783362155226785,-0.05891008874185376,-0.3452925985714914,-0.32283909313262177,0.22897476313948187,0.47143129946688994,0.33606162419217844,0.20992403711191615,-0.2775478786099432,-0.10352083328146426,0.03859369850911744,-0.043783098497885704
attribute_17,-0.4863153734567449,-0.6558657958773422,-0.6586714727791639,-0.5855634651488767,-0.16230922985656634,-0.510947331043643,-0.600475421369109,-0.3985767420075712,-0.4783576103870291,-0.3166747652033913,-0.13241590319679614,0.010504489286569352,0.44238045419119915,0.7398033066525165,0.8501806868057302,0.9292718457616016,1.0,0.9622367310154584,0.7613366793177043,0.4093961922241429,0.2478030124581237,0.39689086880782704,0.02813693319655639,0.005075329701012575,0.4254123075359633,0.5004361066061678,0.2823706511194876,-0.07002522847313887,0.034338387066330765,-0.23216803119567403,-0.5399838998803606,-0.7648948365318647,-0.5759118789920578,-0.5426904224086593,-0.7328635948093968,-0.8210418460144961,-0.8784906977420888,-0.8548152711956135,-0.8366578954938909,-0.8088944214009471,-0.7223306411120347,-0.34336383310380836,-0.4163942133106714,-0.8578550696726525,-0.3364566563803063,0.2735501507612988,0.3825365683924182,0.3179908362394834,-0.016187091919910586,0.14360311660519137,0.09610490751108249,-0.604539511898849,-0.5411310343404039,0.26582897690832896,0.3761761497701589,0.09759920564048646,-0.12724295269451286,-0.5103582797413913,-0.20924411919353278,-0.004601161868045446,0.03574563301014902
attribute_18,-0.49281305485987903,-0.7390235980298432,-0.7883891007260017,-0.5733751556354918,-0.113102689342961,-0.6095983205948018,-0.6629469890687681,-0.5075627779687166,-0.6305649645309389,-0.47936820715982675,-0.2766440039119555,-0.10512341130718622,0.35292126829870796,0.7228985289368571,0.8074366274628969,0.8656564520390514,0.9622367310154584,1.0,0.8541628115677629,0.5542949564540377,0.3757874126014629,0.5040643211310963,0.21955198462875392,0.2105422350106678,0.5133208813494836,0.48113392519306264,0.17312471069313498,-0.21461697090341617,-0.14174739643082682,-0.44180118542515634,-0.7376339588663127,-0.8505338704449067,-0.6256310646100312,-0.5869828038599743,-0.7610181822553158,-0.7981027030055821,-0.911130902469197,-0.8711880841973484,-0.8315964412449293,-0.8794257311606192,-0.8138684533006306,-0.39785772672228414,-0.4463263442058648,-0.8509480465908955,-0.42925873338425896,0.1524449204195646,0.17113275890527418,0.08711018170438913,-0.12950670738426273,0.01014054114613003,-0.022123919926137766,-0.689967962800274,-0.6735506887422685,0.4703546155276878,0.5422506665438545,0.11842720194023451,-0.14865271842618874,-0.5418620426361391,-0.09934338660267597,0.04505950044109478,0.08950422459808915
attribute_19,-0.6616282184412077,-0.6980947197375267,-0.6150279566237563,-0.1626624729425439,0.202103728922764,-0.33994559458550583,-0.3811007910662573,-0.21393256790373086,-0.417205797871337,-0.25232947192093663,-0.02801632443706162,0.050345470340426385,0.34841972376603025,0.7628171223233821,0.7922866144391048,0.7853805246951128,0.7613366793177043,0.8541628115677629,1.0,0.8574567813164926,0.7107463678435373,0.7249290540890606,0.41808201644555326,0.40136314649772065,0.6662448950615371,0.346999873665035,0.22046633175696362,-0.057665963443143356,-0.3316078780379708,-0.5152821005386353,-0.7324021549117027,-0.9103704676397695,-0.8283854218578931,-0.8273200032954952,-0.8691354559039994,-0.8427628218867941,-0.847245607627925,-0.8019709444318492,-0.7446684977016929,-0.8138430702119287,-0.7925408074774074,-0.5895011294026773,-0.6126944280612379,-0.7898544367021147,-0.3988185456787212,-0.17749255157137192,-0.04206315159845319,-0.2210243749739364,-0.533977390757645,-0.3597048494297303,-0.4598918804934835,-0.4134272607912626,-0.6340423477248827,0.5352460875508271,0.799156241932715,0.46495790059547043,0.24913050822160943,-0.4592398256276033,0.09638557353793692,0.12437266552196899,0.07935718479409043
attribute_20,-0.6466110210919942,-0.593300431260007,-0.47109174075380145,0.2068020413479048,0.41216088843183535,-0.0007098238419669723,0.013692938158266998,-0.02103414666303178,-0.24707851939250483,-0.11566242316146644,-0.04300408177007236,-0.05880514882467754,0.09811954518072541,0.5480807140993935,0.512273486854207,0.43594490868114255,0.4093961922241429,0.5542949564540377,0.8574567813164926,1.0,0.9460393402722055,0.8935354045208936,0.7566738944243359,0.7355037466586398,0.7017330350654546,0.22535929840661265,0.14149036766593867,-0.09844084938037861,-0.4526658637599264,-0.5186306812788162,-0.6665744340309432,-0.780816711292203,-0.6511929795481017,-0.656773963381308,-0.7676172393105685,-0.7202617411222708,-0.7118498367384396,-0.6594026140638239,-0.6452810296963262,-0.7358497664288041,-0.7853156717439594,-0.8151847851059144,-0.7998619412140192,-0.6487194749565711,-0.24590421583521851,-0.23682994781178895,-0.32351531142225476,-0.591095534247461,-0.6142706576595085,-0.4397065419404795,-0.5897653109342927,-0.20227244400347097,-0.6344157969998384,0.5420019910874195,0.7817548316185757,0.5168722474922609,0.3068931280221429,-0.5307144897172775,0.028857980187082348,0.013270782809772778,-0.017904841642113326
attribute_21,-0.4636807276552625,-0.4228171996482157,-0.3391144102209235,0.2877110172568011,0.5315896533210174,0.2542174065589171,0.2086773411892666,0.033157973900575365,-0.08909235189024273,-0.006085505428159311,-0.04238371483364246,-0.19848984670489522,-0.1264414403377904,0.3126422395245974,0.3005184511873269,0.24995750179036322,0.2478030124581237,0.3757874126014629,0.7107463678435373,0.9460393402722055,1.0,0.9609069288359602,0.822477141794204,0.7555149517788643,0.7272323249994159,0.2944004505062872,0.2718191174752001,-0.01655414598508709,-0.35771638354687507,-0.40170546403988816,-0.5224880927404125,-0.6757793713152678,-0.48455026049862465,-0.4940885842423454,-0.7026021745733312,-0.6615378968899793,-0.6295764118921436,-0.630386798117382,-0.5858647558897161,-0.5953989209855427,-0.6583188022538432,-0.792348815485084,-0.8411131697040783,-0.5239983365739252,-0.04420350578467689,-0.06378015092244468,-0.21872168785949547,-0.5957258449718583,-0.468227118863566,-0.34647987921140216,-0.58734059850532,-0.16801201445422942,-0.6588160964644235,0.41513506773321246,0.5687484434228636,0.3867463367708932,0.2972955982573598,-0.5564687836448752,-0.11813507810928373,-0.041247365445019626,-0.02016608627433879
attribute_22,-0.36748795864158984,-0.47229016158873244,-0.45620772619548117,0.08217563299650466,0.4694010072781208,0.16425542921612238,0.055708663460543685,-0.16406698620423643,-0.2038252981151622,-0.1386982460296391,-0.2059773278036434,-0.36962773588676145,-0.22222866575154185,0.28106358297324535,0.3317497307220712,0.3211933498302489,0.39689086880782704,0.5040643211310963,0.7249290540890606,0.8935354045208936,0.9609069288359602,1.0,0.8239094481149771,0.7420718573704983,0.8133833026648226,0.516290938183552,0.4041805738851534,-0.026733783870400617,-0.20993070814593195,-0.36429544252639307,-0.5825266953893945,-0.7690771199921412,-0.44615019910881465,-0.4539034990145006,-0.7867477871443687,-0.7548947738773432,-0.7520017023603908,-0.7857204697600317,-0.7282785393374382,-0.681111051808779,-0.716751162111248,-0.7399669651179437,-0.8357591133704826,-0.5977985304452991,-0.013888320069208426,0.1804805706592938,-0.04468882742311989,-0.441420023771624,-0.2516565872625792,-0.14149866928020888,-0.4779635846671761,-0.3718059917058499,-0.8055438276020023,0.37041215071635764,0.47344152502112685,0.2453646960931902,0.12979549310327793,-0.7011335009200612,-0.2213731270748117,-0.006783823520451492,0.08671652647108366
attribute_23,-0.2015325912952399,-0.42974905700377386,-0.4747388468381071,0.20748718237037184,0.4344100037305063,0.08698050094040065,0.09432618765117332,-0.2777957626609501,-0.3591140619696141,-0.35987067280113355,-0.5080444140459716,-0.5783676673691901,-0.4830470627693438,-0.02776423303901094,-0.052314588987369286,-0.1251443430987375,0.02813693319655639,0.21955198462875392,0.41808201644555326,0.7566738944243359,0.822477141794204,0.8239094481149771,1.0,0.9777024283278419,0.6047545344634798,0.291889898337155,0.025379503751973956,-0.3472680662700978,-0.38054376805392925,-0.5080214094717991,-0.6367546234084352,-0.4998829130794335,-0.10316300729721063,-0.12408737266662824,-0.4494581547123503,-0.3459550253166143,-0.46690642637725527,-0.44938716248109745,-0.438431754911025,-0.5226623957499187,-0.623537555043136,-0.6631618736566556,-0.6416540356423853,-0.3168945850482365,-0.09566011014049836,0.04757583748359326,-0.48625537536018737,-0.7494247663626435,-0.20802996806095447,-0.17486429347597607,-0.3793853505745643,-0.2961188723602473,-0.709886816546853,0.4494508475120146,0.43449267840597666,0.11767239054573415,-0.13112723322542982,-0.6594910336718028,-0.08512092414551065,-0.03539199260039391,0.09703681317610718
attribute_24,-0.2274436981999454,-0.4283494893959921,-0.4521391730208547,0.21151410895767106,0.3312436029236214,-0.02177526203518667,0.03750855084035634,-0.2761036626743962,-0.38781261544313783,-0.39372076251985516,-0.5217671610473598,-0.516770679086605,-0.4334323287741654,0.025647779016249952,-0.015208382437709634,-0.1308661670677049,0.005075329701012575,0.2105422350106678,0.40136314649772065,0.7355037466586398,0.7555149517788643,0.7420718573704983,0.9777024283278419,1.0,0.59460074729198,0.2542699497802213,-0.03928199621736072,-0.3391670194692949,-0.36180661327958735,-0.49012041372180964,-0.6510850612095537,-0.5007956110124893,-0.15066669597533222,-0.16490665844632366,-0.4199455529672407,-0.3000564557721325,-0.40560913163387696,-0.3702941932455558,-0.4084783552638883,-0.5301715039510054,-0.6163896165535004,-0.6265869590632542,-0.5545636903765082,-0.26741757484935874,-0.1142076366027754,-0.05068491641607556,-0.5807489872359739,-0.7630178374010893,-0.24376684671725796,-0.1686193981188818,-0.4140807228929627,-0.26120701554931913,-0.6512859446580861,0.4792101708306658,0.524910320138695,0.20330900648448674,-0.10171891084026699,-0.5977381903414049,0.042798753561020954,0.07022420027781091,0.16817758905767605
attribute_25,-0.12445349270082491,-0.23957406868503098,-0.26717193356043756,-0.14245108529786255,0.14828168149405854,-0.07941396932067218,-0.2055339243861358,-0.26582151962093437,-0.15854429861590436,-0.18210118821939164,-0.223947185968634,-0.3311595223170839,-0.2587045796331363,0.2964060479794695,0.42978894475691964,0.37775082009834554,0.4254123075359633,0.5133208813494836,0.6662448950615371,0.7017330350654546,0.7272323249994159,0.8133833026648226,0.6047545344634798,0.59460074729198,1.0,0.7869297134002549,0.6675739306853361,0.3293707310512238,0.2202170486958199,-0.06134607703668035,-0.48677618095594477,-0.8716053399452901,-0.648785239680955,-0.6246754915130617,-0.8170608473408999,-0.739520726897348,-0.5936757111596491,-0.7081673014768698,-0.7124281915252294,-0.5879246591149274,-0.4967251842860633,-0.36114011986469824,-0.47385193006870074,-0.35058382250718667,0.22947730142596423,0.2309307687345995,0.16588727710139226,-0.13274675749783799,-0.05619420393365532,0.13903205051122325,-0.6509739193825302,-0.46569156204950823,-0.7713649488181256,0.27992712439351825,0.5164152508815458,0.34175013475871996,0.2926561254889384,-0.48163484776503723,0.08039130058531471,0.5310400757568412,0.5760994046500681
attribute_26,0.18704109211343367,-0.17055648703084772,-0.27661423762127124,-0.44390714191926806,0.02287126291457895,-0.15504809909918982,-0.41913139257955373,-0.5338431834496571,-0.24055653319454193,-0.31763382130646267,-0.42631152676762674,-0.5430117000238708,-0.4228277121354195,0.03077662704366234,0.2742660701785955,0.3229531123625041,0.5004361066061678,0.48113392519306264,0.346999873665035,0.22535929840661265,0.2944004505062872,0.516290938183552,0.291889898337155,0.2542699497802213,0.7869297134002549,1.0,0.8133034174244878,0.32435475904837263,0.5898110970074332,0.18091881164820556,-0.30405342008135444,-0.6717047314323461,-0.27713790753258455,-0.3057309120260061,-0.6684220531489407,-0.6100071030307996,-0.5199193511573778,-0.6841002143783916,-0.6624846111662611,-0.4056521454491839,-0.2876799649342582,-0.008424551553343236,-0.17730808506728,-0.26715022185138176,0.2681549756913615,0.6852846384056546,0.5547198529886535,0.3644964883157046,0.4657489073407608,0.5557288604094436,-0.22509297411318577,-0.608078699965902,-0.6783367230460192,-0.11188727510956016,0.043953624152880906,-0.03167552925486842,-0.12401946829963505,-0.5671816748123867,-0.0916761996854043,0.5024794487950663,0.6861283747125251
attribute_27,0.11190759309161537,0.11948706076726118,0.21370699550360475,-0.059902697733388986,0.19887198808777856,0.2843662999195415,-0.020516652851180442,-0.011530042742618134,0.2923090017857825,0.23152592894595386,0.1264188459798242,-0.12891081325946913,-0.25013230351464094,0.03597037447518826,0.26191469593440947,0.2899117096765255,0.2823706511194876,0.17312471069313498,0.22046633175696362,0.14149036766593867,0.2718191174752001,0.4041805738851534,0.025379503751973956,-0.03928199621736072,0.6675739306853361,0.8133034174244878,1.0,0.7544449929726954,0.7283567445286688,0.5238688651511483,0.14695911673619452,-0.4565304031419988,-0.33288046665219106,-0.40410366805954495,-0.5976870799880959,-0.5666713036573359,-0.26609368835672953,-0.4563451162620919,-0.4470504686309984,-0.0831863155227946,0.033222525067289385,0.02814802383708918,-0.156689232046985,-0.10013230375360126,0.48056177562047886,0.5262109488702074,0.7267243958598402,0.5155611875718272,0.28501074718436903,0.4152719026022248,-0.4105261552695349,-0.12264115937081915,-0.28600335880199457,-0.45060795495602846,-0.06778305943068619,0.23291488647762867,0.321632420616237,-0.28992172020975093,-0.04691286567674429,0.5025272487165263,0.5707558509601168
attribute_28,0.10091741359897727,0.5312919671865238,0.7268119105605371,0.1973951576793771,-0.06737661575133477,0.40693879524554705,0.2873087303584396,0.5170217361446122,0.7359077874461262,0.6738032002732187,0.6191975431232576,0.4247712909041756,0.09372720873972053,0.10487321377252627,0.21594945319764,0.15098870424915634,-0.07002522847313887,-0.21461697090341617,-0.057665963443143356,-0.09844084938037861,-0.01655414598508709,-0.026733783870400617,-0.3472680662700978,-0.3391670194692949,0.3293707310512238,0.32435475904837263,0.7544449929726954,1.0,0.7414863420753443,0.807719755452465,0.5893988443226433,-0.07438173180495866,-0.37654614294803673,-0.3712703092525315,-0.19865971923843384,-0.2272299564872555,0.21977840327764195,0.06348949787560378,-0.03661290241847123,0.25967753313708747,0.40980201207380784,0.20875999749585508,0.10635892460284214,0.2595964860414273,0.6712758802537452,0.10666324679832664,0.5897474745868916,0.5151781716650619,0.0809835882413897,0.2917559824978942,-0.45790156748058664,0.35668518362801493,0.2575282718517271,-0.5039274246605621,-0.08250089454618169,0.4356755966719024,0.7361284883705443,0.30579198116384537,0.14571575607433035,0.5410028493774596,0.39841638392397977
attribute_29,0.4229042191972383,0.47403726198655427,0.48699868545923813,-0.2243537235239398,-0.33037954488256505,0.13897752948222744,-0.025663787172880575,0.039877923632679335,0.4072580580269084,0.27685943768487375,0.10237890081807818,-0.012391559575394912,-0.19098203020012278,-0.15642741593263096,0.03729707971094333,0.033779654624669433,0.034338387066330765,-0.14174739643082682,-0.3316078780379708,-0.4526658637599264,-0.35771638354687507,-0.20993070814593195,-0.38054376805392925,-0.36180661327958735,0.2202170486958199,0.5898110970074332,0.7283567445286688,0.7414863420753443,1.0,0.8722041988056,0.5237066620335984,0.013952187422779152,0.028613572475295033,0.03786486628284014,-0.05746518382478365,-0.10241960413311846,0.1831397152560931,0.0043300834868345356,-0.12020911517249222,0.21609096889893076,0.388026320975567,0.4280472289452434,0.3098769922304511,0.27826607124356495,0.6700453574525809,0.60230128742773,0.7444536199401064,0.7752740754866326,0.6694810763756401,0.8009942172109326,0.030859873969751362,-0.0039656449675225455,0.11816268373566488,-0.6326527243441151,-0.43775794486713165,-0.035540077417824,0.11651911866354622,0.058692395547328385,-0.0710029815780202,0.49888648822700765,0.5394226458376444
attribute_30,0.31744069176741957,0.6858128686258059,0.7991939837299815,0.09206360634324448,-0.32202381010976067,0.4463702735836895,0.3915998242574734,0.4962635219609812,0.7687676138011961,0.6742255672632397,0.47942231989061806,0.3290534565922512,0.01794775735386162,-0.14747136712468947,-0.05780128878456081,-0.10084146837149403,-0.23216803119567403,-0.44180118542515634,-0.5152821005386353,-0.5186306812788162,-0.40170546403988816,-0.36429544252639307,-0.5080214094717991,-0.49012041372180964,-0.06134607703668035,0.18091881164820556,0.5238688651511483,0.807719755452465,0.8722041988056,1.0,0.8417504337017262,0.3255595789914885,0.12001918718550625,0.1656870325339726,0.20439825865546898,0.08133907276105316,0.42670034767112486,0.2905590342469761,0.11570289147936402,0.41299190098357735,0.5489889437064964,0.3346178401386022,0.2567771076464538,0.40075427391792695,0.7724608869499024,0.377394302645634,0.6242845246002194,0.6575630968629195,0.4885162060729192,0.6436744625245678,0.07921110227333023,0.38841696637629275,0.4580329253063023,-0.6936084147430456,-0.5324451100511504,0.04728179112884698,0.342861764039771,0.31830539307967504,-0.1638112542039362,0.24647469745754935,0.18040959304663257
attribute_31,0.3497888698941046,0.8060214926879842,0.9139519115006538,0.30638617410830654,-0.18832379725557732,0.622042079555386,0.6305360792849127,0.7016307800900741,0.8812537830570385,0.8048963806549387,0.6471874794353392,0.4648556399453191,0.08732778927297606,-0.3345728011386012,-0.34794143739461897,-0.3565104629644868,-0.5399838998803606,-0.7376339588663127,-0.7324021549117027,-0.6665744340309432,-0.5224880927404125,-0.5825266953893945,-0.6367546234084352,-0.6510850612095537,-0.48677618095594477,-0.30405342008135444,0.14695911673619452,0.5893988443226433,0.5237066620335984,0.8417504337017262,1.0,0.7244805481722645,0.3788576694842737,0.4168642639884064,0.5802810733762988,0.44370437805115587,0.7003969122392526,0.6206687884062327,0.5218061230052832,0.719200402484887,0.7691660745107056,0.39798008115456157,0.34848625117263227,0.5793621685735213,0.6325734177253679,0.11565557047575463,0.40878670993419886,0.46183520690704805,0.30862399025736725,0.31796396913457015,0.2216077412181231,0.6453925742525599,0.749150385147005,-0.6671915377507096,-0.6861257113888706,-0.0892744911169464,0.3275250174568745,0.5844018884521424,-0.19236821661076425,-0.09086658262442676,-0.19640808290622344
attribute_32,0.4402087531026045,0.6043749934490957,0.5893769886399518,0.30375809709374957,-0.09164022800544075,0.38319795915059507,0.4761610833497087,0.3914752212893937,0.4454009627785136,0.35908046415365474,0.24183583798362812,0.18805705144814083,-0.08782789539009152,-0.6243976824576671,-0.731659121823645,-0.7105907030514242,-0.7648948365318647,-0.8505338704449067,-0.9103704676397695,-0.780816711292203,-0.6757793713152678,-0.7690771199921412,-0.4998829130794335,-0.5007956110124893,-0.8716053399452901,-0.6717047314323461,-0.4565304031419988,-0.07438173180495866,0.013952187422779152,0.3255595789914885,0.7244805481722645,1.0,0.7799907180457638,0.7711734418888572,0.9331944199850081,0.8827734633622151,0.8462943309958609,0.8700637342847497,0.8571035205619466,0.8351063370693329,0.7616443364850802,0.478124853671801,0.5358779650171066,0.6916965384150096,0.17646837915324312,-0.10109527129389224,-0.10358497061359866,0.08765185044995,0.23108586064001993,0.024674209139306878,0.4789068481101828,0.5746965084258753,0.7828452957715079,-0.4306588676496592,-0.7034353157809006,-0.3852825203202246,-0.15190540193248667,0.577705457105061,-0.08732463663691993,-0.36144367985445547,-0.3872579308181587
attribute_33,0.5197028498888923,0.28279583959081284,0.1597465346065104,0.11261674498358014,0.0898667664840767,0.3080749850897293,0.2787312316429018,-0.08795995112350899,0.050409498108148466,-0.05958728359031457,-0.3028345588036121,-0.39132264364805724,-0.49997364879421036,-0.8064194420936567,-0.8305804174993062,-0.7516751781825364,-0.5759118789920578,-0.6256310646100312,-0.8283854218578931,-0.6511929795481017,-0.48455026049862465,-0.44615019910881465,-0.10316300729721063,-0.15066669597533222,-0.648785239680955,-0.27713790753258455,-0.33288046665219106,-0.37654614294803673,0.028613572475295033,0.12001918718550625,0.3788576694842737,0.7799907180457638,1.0,0.9313909895239969,0.7076087609453627,0.7014268135500619,0.5024093445355645,0.5069634346640817,0.5416012779808053,0.5643492692364617,0.44427882498613225,0.30520077073818846,0.32328461044421053,0.45120624572106516,0.06085963525427309,0.33687688026368734,-0.07603890281249348,0.030225740241241993,0.5278571955237314,0.24661290322270957,0.6369558783178533,0.18098907715936505,0.33523993649709405,-0.4210143732947432,-0.7902065065680386,-0.651567249273994,-0.6514849631484982,0.00903108215448325,-0.3241111816917801,-0.45660541272241667,-0.263757612355008
attribute_34,0.607533908200746,0.4363407949493848,0.18454814295443106,-0.06753459570743334,-0.19359306764517573,0.25559791327611275,0.3218632932806713,-0.0392387476671625,0.11475886250547648,-0.003489396169462909,-0.2668459138896527,-0.350334608416792,-0.40934481990400834,-0.7319488881066236,-0.7810203767420627,-0.702428449881876,-0.5426904224086593,-0.5869828038599743,-0.8273200032954952,-0.656773963381308,-0.4940885842423454,-0.4539034990145006,-0.12408737266662824,-0.16490665844632366,-0.6246754915130617,-0.3057309120260061,-0.40410366805954495,-0.3712703092525315,0.03786486628284014,0.1656870325339726,0.4168642639884064,0.7711734418888572,0.9313909895239969,1.0,0.795420729901617,0.6960109450890261,0.4916150325477535,0.47817659584446864,0.482112944662165,0.4774292784597147,0.41275459705517775,0.30263714219400667,0.27126196585639784,0.4647679422960604,0.24832046481643022,0.3870134074602471,-0.030753095314772015,-0.009051346806383845,0.6216773833862727,0.3840144389316185,0.7308302963422397,0.043338732670219024,0.25138069882464964,-0.20705272319613255,-0.8244789931797838,-0.7949084045328784,-0.5964681504278049,0.14277952544656558,-0.4890741401221966,-0.5122427433349714,-0.35870138027136467
attribute_35,0.5591278783000365,0.6437953854444247,0.4736738361012313,0.07708008103659651,-0.3367316964554688,0.143358018807136,0.32327100667932834,0.23909585426542238,0.2937483495942551,0.1796920573181453,0.0859016415596447,0.10031329537625296,-0.09542549085223125,-0.598672063698399,-0.7239489266229195,-0.7092445918126897,-0.7328635948093968,-0.7610181822553158,-0.8691354559039994,-0.7676172393105685,-0.7026021745733312,-0.7867477871443687,-0.4494581547123503,-0.4199455529672407,-0.8170608473408999,-0.6684220531489407,-0.5976870799880959,-0.19865971923843384,-0.05746518382478365,0.20439825865546898,0.5802810733762988,0.9331944199850081,0.7076087609453627,0.795420729901617,1.0,0.937110468764373,0.8373080323681064,0.8573043111593324,0.84132996922359,0.7399635353263543,0.707438799189007,0.5541651795052179,0.6009019913730437,0.7397153517897975,0.20162870625680218,-0.13384945323081063,-0.19927976340790182,-0.024989853303598947,0.2823145811742784,0.07758601541590217,0.5051924668095981,0.34815415033317043,0.6355382339079472,-0.13936111899971387,-0.6188715383047804,-0.5156945956062134,-0.20211281364279193,0.6757616058993978,-0.05803898901199341,-0.2890059839063706,-0.32914483491815044
attribute_36,0.5882692831213652,0.5553979849678146,0.42338500836155396,0.179021517552319,-0.14274534023634539,0.07475744845513708,0.19900624343711432,0.09810563428667363,0.1564269297539324,0.00933646433412931,-0.054095099033390666,-0.02665185768525467,-0.2738576429872311,-0.712879623571044,-0.8193365200046372,-0.8232937144406638,-0.8210418460144961,-0.7981027030055821,-0.8427628218867941,-0.7202617411222708,-0.6615378968899793,-0.7548947738773432,-0.3459550253166143,-0.3000564557721325,-0.739520726897348,-0.6100071030307996,-0.5666713036573359,-0.2272299564872555,-0.10241960413311846,0.08133907276105316,0.44370437805115587,0.8827734633622151,0.7014268135500619,0.6960109450890261,0.937110468764373,1.0,0.8936336420344065,0.9135382609082394,0.9366534875668543,0.8201691448642096,0.7564174039190511,0.6363192638629281,0.7264981733162271,0.8357243046787269,0.06262256600393322,-0.25301402317567195,-0.34292036024469524,-0.10667094112488601,0.1798649535029385,-0.07345779850816765,0.29833557155034424,0.37283144114142075,0.6163194796502895,-0.1737902762953865,-0.4858425900161687,-0.3954551027967883,-0.22000320700555853,0.6301695862828366,0.22505702571153036,-0.08349328527670379,-0.0988892142740287
attribute_37,0.5562318014074541,0.7666097056999297,0.7656689897798427,0.3521235763953662,-0.1442852019330892,0.27742810749898594,0.37271557775960207,0.39047260934767136,0.5055660303253895,0.343974410660168,0.2625271875200327,0.21972172806993168,-0.1934794623656624,-0.6227592595824768,-0.7007547542263772,-0.7590536907954264,-0.8784906977420888,-0.911130902469197,-0.847245607627925,-0.7118498367384396,-0.6295764118921436,-0.7520017023603908,-0.46690642637725527,-0.40560913163387696,-0.5936757111596491,-0.5199193511573778,-0.26609368835672953,0.21977840327764195,0.1831397152560931,0.42670034767112486,0.7003969122392526,0.8462943309958609,0.5024093445355645,0.4916150325477535,0.8373080323681064,0.8936336420344065,1.0,0.968225949938554,0.9262040283019897,0.9208971618558761,0.912686989712653,0.6667717941108586,0.7405892933650619,0.9394072550726449,0.33619279421285125,-0.28711904113936276,-0.1581668592726285,0.06126256075205267,0.12966334555402412,-0.0056157779612762354,0.044384422893361385,0.6033964976324869,0.7649613381153441,-0.38592289014670655,-0.45489065417486263,-0.11410806314739522,0.16050489857122655,0.7682977386218303,0.33066642786675143,0.1552897419255715,0.053714545800975004
attribute_38,0.3812543857242049,0.6176024985222102,0.6727104226774056,0.42279596784073015,-0.1191261433267599,0.2126246053926158,0.36231091979872254,0.4152169676957753,0.41763106271424083,0.304532735768462,0.270058189888322,0.3067614826097264,-0.06234063398406228,-0.5203940028885913,-0.647364196794117,-0.7242023895607966,-0.8548152711956135,-0.8711880841973484,-0.8019709444318492,-0.6594026140638239,-0.630386798117382,-0.7857204697600317,-0.44938716248109745,-0.3702941932455558,-0.7081673014768698,-0.6841002143783916,-0.4563451162620919,0.06348949787560378,0.0043300834868345356,0.2905590342469761,0.6206687884062327,0.8700637342847497,0.5069634346640817,0.47817659584446864,0.8573043111593324,0.9135382609082394,0.968225949938554,1.0,0.9411271235940042,0.85659454628508,0.8108843357762148,0.5578200867569887,0.6984372747625343,0.8427955956401987,0.14370768490759617,-0.43719646648121063,-0.33037268881956566,-0.040218379048627066,-0.020187167256277904,-0.14882161642557862,0.09702022655928519,0.6726332878319354,0.8304783599530249,-0.320029669666239,-0.3517062136227762,-0.04508284968526014,0.11379427939303478,0.7417070547454878,0.3643900575996576,0.036957599982929495,-0.08652515116248993
attribute_39,0.46873797815022156,0.5721270783192985,0.5591489317447572,0.3604549812812203,0.040753531907126175,0.2024115105704939,0.27520043051548426,0.279093122857623,0.31051674254984324,0.1894773440876412,0.1982201180893558,0.17322494604058875,-0.16176839944193394,-0.6309525185239597,-0.7358811492254788,-0.7430632374940651,-0.8366578954938909,-0.8315964412449293,-0.7446684977016929,-0.6452810296963262,-0.5858647558897161,-0.7282785393374382,-0.438431754911025,-0.4084783552638883,-0.7124281915252294,-0.6624846111662611,-0.4470504686309984,-0.03661290241847123,-0.12020911517249222,0.11570289147936402,0.5218061230052832,0.8571035205619466,0.5416012779808053,0.482112944662165,0.84132996922359,0.9366534875668543,0.9262040283019897,0.9411271235940042,1.0,0.917020005884353,0.8457399747599225,0.6360482657105817,0.7227230603482541,0.8405700099726889,0.03206658559342837,-0.42499797482170387,-0.29244042518486957,-0.06657285238937762,-0.04220809829417176,-0.2843310720596706,0.07956877443757766,0.5625591710231989,0.7380586953607164,-0.2716045113857796,-0.38678250820423193,-0.16874107829472126,0.040486150083773764,0.7294719036428332,0.37239097422087886,-0.006132501134961066,-0.0851822799398353
attribute_40,0.5932064075710632,0.7138111514873565,0.7296329754402751,0.35126573265094624,0.09753748203447153,0.40130029783595006,0.34988223317846046,0.3273334051500802,0.5081895507160968,0.35216610347777283,0.28188680197790744,0.13131723517986818,-0.28016759872589375,-0.7209224763005039,-0.7396801222257295,-0.7176980830776878,-0.8088944214009471,-0.8794257311606192,-0.8138430702119287,-0.7358497664288041,-0.5953989209855427,-0.681111051808779,-0.5226623957499187,-0.5301715039510054,-0.5879246591149274,-0.4056521454491839,-0.0831863155227946,0.25967753313708747,0.21609096889893076,0.41299190098357735,0.719200402484887,0.8351063370693329,0.5643492692364617,0.4774292784597147,0.7399635353263543,0.8201691448642096,0.9208971618558761,0.85659454628508,0.917020005884353,1.0,0.9667912495731229,0.7124905348487576,0.7175342465570387,0.8760363976198322,0.2762218329645644,-0.14774884385585932,0.05044132095274486,0.2076102139020088,0.1722822875294021,-0.05142467412680066,0.051847617663968844,0.5798564739359626,0.7325253717182967,-0.5596956408809617,-0.5864612961401595,-0.18320731756038983,0.10468074778714184,0.6631113059400554,0.2619380132402879,0.09511672153233533,0.05777337835490947
attribute_41,0.6710451370364646,0.8189337818537777,0.7878264680430334,0.19348129922725857,-0.09451977968764538,0.3180477000311018,0.2725902824473567,0.3175376616181531,0.5575728524448968,0.38265817802628926,0.31947625552394604,0.176689480068367,-0.2258392761865522,-0.6470675049133441,-0.6342825870628622,-0.6135865508470684,-0.7223306411120347,-0.8138684533006306,-0.7925408074774074,-0.7853156717439594,-0.6583188022538432,-0.716751162111248,-0.623537555043136,-0.6163896165535004,-0.4967251842860633,-0.2876799649342582,0.033222525067289385,0.40980201207380784,0.388026320975567,0.5489889437064964,0.7691660745107056,0.7616443364850802,0.44427882498613225,0.41275459705517775,0.707438799189007,0.7564174039190511,0.912686989712653,0.8108843357762148,0.8457399747599225,0.9667912495731229,1.0,0.811439806760266,0.7777574436139747,0.9017965438856702,0.4224087425816654,-0.0715836424788476,0.20632114574345908,0.3496335004802131,0.2779886381597956,0.1067419153801187,0.03941321077715396,0.48583082713137876,0.697334491500817,-0.5413376651168229,-0.5937676102745114,-0.1949366878693272,0.18685657202150874,0.747677614860009,0.26092698175522944,0.23390176873157292,0.17064887559667763
attribute_42,0.7618115833616339,0.580504829942542,0.3764277350368395,-0.33637582192726706,-0.359201143937821,-0.24489933252051593,-0.3170482053234341,-0.20583251047652484,0.07229385292011654,-0.11276759010097985,-0.06820634536417221,-0.05876888435277458,-0.2235867102249068,-0.5217561164296625,-0.4345544610426179,-0.3600400106984968,-0.34336383310380836,-0.39785772672228414,-0.5895011294026773,-0.8151847851059144,-0.792348815485084,-0.7399669651179437,-0.6631618736566556,-0.6265869590632542,-0.36114011986469824,-0.008424551553343236,0.02814802383708918,0.20875999749585508,0.4280472289452434,0.3346178401386022,0.39798008115456157,0.478124853671801,0.30520077073818846,0.30263714219400667,0.5541651795052179,0.6363192638629281,0.6667717941108586,0.5578200867569887,0.6360482657105817,0.7124905348487576,0.811439806760266,1.0,0.9433899211935297,0.7438877461330482,0.20844557715141965,0.06741007316954468,0.2960507669510386,0.5117707159513072,0.4587412649503717,0.2647401755003624,0.160245935978014,-0.014784621100347938,0.4001957939407499,-0.3116343118318885,-0.46441194317987317,-0.3736493108154748,-0.1081011273905507,0.6322173057577899,0.36428321508520534,0.4354940445693389,0.43738946756347563
attribute_43,0.6000759381464096,0.4604781907638107,0.3610050148186423,-0.17629361819279482,-0.3279085985922684,-0.3208331942840578,-0.3289305448723625,-0.16472431390260142,0.0018992329531344195,-0.15714232674252915,-0.07624030397747748,0.04260590757837025,-0.14251492296317414,-0.46181720729096365,-0.42552326284791964,-0.41089598500671337,-0.4163942133106714,-0.4463263442058648,-0.6126944280612379,-0.7998619412140192,-0.8411131697040783,-0.8357591133704826,-0.6416540356423853,-0.5545636903765082,-0.47385193006870074,-0.17730808506728,-0.156689232046985,0.10635892460284214,0.3098769922304511,0.2567771076464538,0.34848625117263227,0.5358779650171066,0.32328461044421053,0.27126196585639784,0.6009019913730437,0.7264981733162271,0.7405892933650619,0.6984372747625343,0.7227230603482541,0.7175342465570387,0.7777574436139747,0.9433899211935297,1.0,0.7503014828756284,0.026322627325037422,-0.14987599895138032,0.04619390399446729,0.40531537137731416,0.2900908694804733,0.12295434306943016,0.1322462652016668,0.1497449927907635,0.5472727270140227,-0.31901275614660074,-0.320140203052088,-0.2033135075852675,-0.12286124828213024,0.6359348737168189,0.5438321980361885,0.44615402954549177,0.4131986179475179
attribute_44,0.7566033242318684,0.8182472392691527,0.6957857612689088,0.20230630444093345,-0.15389654590604349,0.21674531045514153,0.26043163211665693,0.1906771106272111,0.4157510864100578,0.19104912351670217,0.06851672853599326,-0.03278810378986748,-0.4340399464137807,-0.7372060413482824,-0.7597750589363322,-0.8016785958813939,-0.8578550696726525,-0.8509480465908955,-0.7898544367021147,-0.6487194749565711,-0.5239983365739252,-0.5977985304452991,-0.3168945850482365,-0.26741757484935874,-0.35058382250718667,-0.26715022185138176,-0.10013230375360126,0.2595964860414273,0.27826607124356495,0.40075427391792695,0.5793621685735213,0.6916965384150096,0.45120624572106516,0.4647679422960604,0.7397153517897975,0.8357243046787269,0.9394072550726449,0.8427955956401987,0.8405700099726889,0.8760363976198322,0.9017965438856702,0.7438877461330482,0.7503014828756284,1.0,0.4645047943315287,-0.13848226988732723,-0.08645658510044593,0.03326677428556914,0.26702941580533635,0.10939410641854139,-0.07657199429375935,0.3701401742526911,0.5149271934767388,-0.2909997272634375,-0.4426050970768795,-0.21199826973182187,0.1314045285294309,0.7027617788253228,0.3507706416608571,0.3409249482401913,0.292671945887332
attribute_45,0.5448372469848014,0.8191986755632874,0.6801487828020003,-0.01803294790574648,-0.3475638940587516,0.495478508465417,0.5032724529955408,0.3877304335036028,0.7155734085530461,0.5582952798997785,0.275976990991896,0.0064263136184551295,-0.267390063867927,-0.29088785258094324,-0.22774400303482625,-0.2619902964485697,-0.3364566563803063,-0.42925873338425896,-0.3988185456787212,-0.24590421583521851,-0.04420350578467689,-0.013888320069208426,-0.09566011014049836,-0.1142076366027754,0.22947730142596423,0.2681549756913615,0.48056177562047886,0.6712758802537452,0.6700453574525809,0.7724608869499024,0.6325734177253679,0.17646837915324312,0.06085963525427309,0.24832046481643022,0.20162870625680218,0.06262256600393322,0.33619279421285125,0.14370768490759617,0.03206658559342837,0.2762218329645644,0.4224087425816654,0.20844557715141965,0.026322627325037422,0.4645047943315287,1.0,0.43806607705780365,0.4804812519314147,0.22828678444389486,0.5182206286654683,0.6322516142028881,-0.06961637583424458,0.07384207663910279,0.029355346630792038,-0.23042484097189755,-0.4649689456039288,-0.18224974994479226,0.37707274446739963,0.3074749994554376,-0.329594897176398,0.2172560335015849,0.18210361454974336
attribute_46,0.4322897275487893,0.10577356268910902,-0.11803944170186523,-0.4972602065073203,-0.15263040716240048,0.1333025465430696,-0.07411979101176024,-0.36908116295325183,-0.020493485393392307,-0.10410267018149702,-0.37211122052139944,-0.561929811899291,-0.43167705047211075,-0.2882867853372871,-0.09632384844228822,0.03919699016451718,0.2735501507612988,0.1524449204195646,-0.17749255157137192,-0.23682994781178895,-0.06378015092244468,0.1804805706592938,0.04757583748359326,-0.05068491641607556,0.2309307687345995,0.6852846384056546,0.5262109488702074,0.10666324679832664,0.60230128742773,0.377394302645634,0.11565557047575463,-0.10109527129389224,0.33687688026368734,0.3870134074602471,-0.13384945323081063,-0.25301402317567195,-0.28711904113936276,-0.43719646648121063,-0.42499797482170387,-0.14774884385585932,-0.0715836424788476,0.06741007316954468,-0.14987599895138032,-0.13848226988732723,0.43806607705780365,1.0,0.6952513504108381,0.48687882480257727,0.8690529931819511,0.8336282046771595,0.4554071451585488,-0.5038491356495727,-0.4114883837224046,-0.31079733621060035,-0.614900125582268,-0.5916834919772284,-0.4826647554934245,-0.4650558070153551,-0.6706263534743137,-0.10718944356440101,0.1488443978737058
attribute_47,0.2829424431928114,0.2949019538271579,0.2290752767457045,-0.4414466910723539,-0.21306737946909246,0.16077630162888637,-0.08244814475121771,0.004815352810800179,0.33068638454774807,0.3001484455904579,0.24070058795486385,0.03807988524290789,0.05395414002046299,0.030500840416878387,0.2355709388138275,0.38015012957687483,0.3825365683924182,0.17113275890527418,-0.04206315159845319,-0.32351531142225476,-0.21872168785949547,-0.04468882742311989,-0.48625537536018737,-0.5807489872359739,0.16588727710139226,0.5547198529886535,0.7267243958598402,0.5897474745868916,0.7444536199401064,0.6242845246002194,0.40878670993419886,-0.10358497061359866,-0.07603890281249348,-0.030753095314772015,-0.19927976340790182,-0.34292036024469524,-0.1581668592726285,-0.33037268881956566,-0.29244042518486957,0.05044132095274486,0.20632114574345908,0.2960507669510386,0.04619390399446729,-0.08645658510044593,0.4804812519314147,0.6952513504108381,1.0,0.845753064222021,0.5843985344386878,0.6244530137530911,0.2138264832626519,-0.22293628511967933,-0.05443112189838501,-0.4678644343234023,-0.5003618155813822,-0.24570815235958837,0.071452431941673,-0.011641153343090722,-0.40554932658194814,0.1118704889550657,0.17412475697075355
attribute_48,0.21425429478013724,0.21655727398412075,0.26668018328532145,-0.39759327739930045,-0.31993245920723345,-0.07919573935526353,-0.27825912135109016,-0.03437423250849877,0.21383455845559832,0.19225140352745235,0.21868430161550717,0.2063430069832665,0.19761323702479988,0.0492737526126167,0.2312724364698196,0.33168029154978096,0.3179908362394834,0.08711018170438913,-0.2210243749739364,-0.591095534247461,-0.5957258449718583,-0.441420023771624,-0.7494247663626435,-0.7630178374010893,-0.13274675749783799,0.3644964883157046,0.5155611875718272,0.5151781716650619,0.7752740754866326,0.6575630968629195,0.46183520690704805,0.08765185044995,0.030225740241241993,-0.009051346806383845,-0.024989853303598947,-0.10667094112488601,0.06126256075205267,-0.040218379048627066,-0.06657285238937762,0.2076102139020088,0.3496335004802131,0.5117707159513072,0.40531537137731416,0.03326677428556914,0.22828678444389486,0.48687882480257727,0.845753064222021,1.0,0.5374636857347179,0.5768625817036052,0.3256305805170165,-0.025904326755023615,0.29116253238995526,-0.6481141355604846,-0.46568776453448874,-0.12058575774725727,-0.04595446139423506,0.11699721958550226,-0.0946785142978204,0.22533149143549855,0.2508052310095165
attribute_49,0.7276465324803161,0.4014248055111683,0.08729976761226362,-0.566597638160816,-0.44235337792547574,-0.015316263729188314,-0.12486794351768934,-0.3671474047740996,0.020763137718832293,-0.1404993973570265,-0.40155687375295296,-0.5049244707484027,-0.4619939225988532,-0.501439282739476,-0.34580541622649014,-0.23490925897389844,-0.016187091919910586,-0.12950670738426273,-0.533977390757645,-0.6142706576595085,-0.468227118863566,-0.2516565872625792,-0.20802996806095447,-0.24376684671725796,-0.05619420393365532,0.4657489073407608,0.28501074718436903,0.0809835882413897,0.6694810763756401,0.4885162060729192,0.30862399025736725,0.23108586064001993,0.5278571955237314,0.6216773833862727,0.2823145811742784,0.1798649535029385,0.12966334555402412,-0.020187167256277904,-0.04220809829417176,0.1722822875294021,0.2779886381597956,0.4587412649503717,0.2900908694804733,0.26702941580533635,0.5182206286654683,0.8690529931819511,0.5843985344386878,0.5374636857347179,1.0,0.9099186915591905,0.5815502277035559,-0.41311514879541283,-0.13192025029608534,-0.3290872369300529,-0.7655900010887317,-0.737904465947779,-0.5324635243629687,-0.08232953443109926,-0.4792774155977245,0.01758835342200928,0.2271993614508902
attribute_50,0.5004428483439941,0.3622292780777785,0.14928834075758995,-0.5328016376651419,-0.5792182859827196,-0.028253659147021434,-0.0805180474035019,-0.204307013010917,0.13413589065466727,0.01466278616064247,-0.24225152077042209,-0.29522504617047,-0.25124365776305396,-0.18948260983602327,-0.03779736745579181,-0.0009783362155226785,0.14360311660519137,0.01014054114613003,-0.3597048494297303,-0.4397065419404795,-0.34647987921140216,-0.14149866928020888,-0.17486429347597607,-0.1686193981188818,0.13903205051122325,0.5557288604094436,0.4152719026022248,0.2917559824978942,0.8009942172109326,0.6436744625245678,0.31796396913457015,0.024674209139306878,0.24661290322270957,0.3840144389316185,0.07758601541590217,-0.07345779850816765,-0.0056157779612762354,-0.14882161642557862,-0.2843310720596706,-0.05142467412680066,0.1067419153801187,0.2647401755003624,0.12295434306943016,0.10939410641854139,0.6322516142028881,0.8336282046771595,0.6244530137530911,0.5768625817036052,0.9099186915591905,1.0,0.44882127908740427,-0.36495195746734627,-0.16028784699556467,-0.2978230708310381,-0.5640522268381467,-0.4691769187133407,-0.30116046254293,-0.12537239100097428,-0.4735476383238423,0.1349503131440423,0.2678805580777225
attribute_51,0.21156758444826954,0.03515096057546601,-0.1629735094042472,-0.4413999340759715,-0.4317692806648808,-0.12279059746426824,-0.055720658280832856,-0.16796583943940216,-0.13575842891708964,-0.10820494643450518,-0.19438562630234818,-0.10081943835155159,0.12796769689641052,-0.1724059250640327,-0.1916052702751235,-0.05891008874185376,0.09610490751108249,-0.022123919926137766,-0.4598918804934835,-0.5897653109342927,-0.58734059850532,-0.4779635846671761,-0.3793853505745643,-0.4140807228929627,-0.6509739193825302,-0.22509297411318577,-0.4105261552695349,-0.45790156748058664,0.030859873969751362,0.07921110227333023,0.2216077412181231,0.4789068481101828,0.6369558783178533,0.7308302963422397,0.5051924668095981,0.29833557155034424,0.044384422893361385,0.09702022655928519,0.07956877443757766,0.051847617663968844,0.03941321077715396,0.160245935978014,0.1322462652016668,-0.07657199429375935,-0.06961637583424458,0.4554071451585488,0.2138264832626519,0.3256305805170165,0.5815502277035559,0.44882127908740427,1.0,-0.19024016749113495,0.1769613535451208,-0.12093960987519019,-0.6652175488929287,-0.740517581752819,-0.7018730573550533,-0.023152383780118555,-0.6310878057183807,-0.6541951667233225,-0.5278631138324881
attribute_52,-0.23821427248302413,0.3125634681847065,0.7254828378714308,0.8619989261416673,0.3161827426216981,0.6097707683620192,0.6710780209152692,0.8156731890484452,0.6808763712052056,0.7129645837752769,0.6934987580652167,0.6405764403075233,0.2259063149416586,-0.09713002821284596,-0.2219962901464054,-0.3452925985714914,-0.604539511898849,-0.689967962800274,-0.4134272607912626,-0.20227244400347097,-0.16801201445422942,-0.3718059917058499,-0.2961188723602473,-0.26120701554931913,-0.46569156204950823,-0.608078699965902,-0.12264115937081915,0.35668518362801493,-0.0039656449675225455,0.38841696637629275,0.6453925742525599,0.5746965084258753,0.18098907715936505,0.043338732670219024,0.34815415033317043,0.37283144114142075,0.6033964976324869,0.6726332878319354,0.5625591710231989,0.5798564739359626,0.48583082713137876,-0.014784621100347938,0.1497449927907635,0.3701401742526911,0.07384207663910279,-0.5038491356495727,-0.22293628511967933,-0.025904326755023615,-0.41311514879541283,-0.36495195746734627,-0.19024016749113495,1.0,0.840687361583555,-0.5461229678181161,-0.09382612788463372,0.5024894579366429,0.4826812875794758,0.39799124561914395,0.2565516575995449,-0.09396270826644794,-0.2730123191123137
attribute_53,0.014254099256348579,0.4397048273363111,0.705437056532202,0.4739460411484124,-0.06504180424238035,0.2913791767597479,0.3783764566906405,0.6266196729646701,0.5559507463132556,0.5586703353634382,0.6076723870588251,0.665359660657911,0.34025351258453784,-0.16417961068932244,-0.26632655824991713,-0.32283909313262177,-0.5411310343404039,-0.6735506887422685,-0.6340423477248827,-0.6344157969998384,-0.6588160964644235,-0.8055438276020023,-0.709886816546853,-0.6512859446580861,-0.7713649488181256,-0.6783367230460192,-0.28600335880199457,0.2575282718517271,0.11816268373566488,0.4580329253063023,0.749150385147005,0.7828452957715079,0.33523993649709405,0.25138069882464964,0.6355382339079472,0.6163194796502895,0.7649613381153441,0.8304783599530249,0.7380586953607164,0.7325253717182967,0.697334491500817,0.4001957939407499,0.5472727270140227,0.5149271934767388,0.029355346630792038,-0.4114883837224046,-0.05443112189838501,0.29116253238995526,-0.13192025029608534,-0.16028784699556467,0.1769613535451208,0.840687361583555,1.0,-0.5717893200232462,-0.33379605746359936,0.18424544477014293,0.2457025501181131,0.6475472152877082,0.25653205027455445,-0.09009289572234344,-0.2627085708350674
attribute_54,-0.1593030812041183,-0.27788719464560135,-0.5588389717615523,-0.3491365525420429,-0.26427976580504625,-0.4964941507405675,-0.2646496839676945,-0.2797470548963816,-0.4806069843031538,-0.4269326876240172,-0.2879625851172644,-0.13915689099496695,0.16192816538163943,0.3594079628393082,0.24782287765307662,0.22897476313948187,0.26582897690832896,0.4703546155276878,0.5352460875508271,0.5420019910874195,0.41513506773321246,0.37041215071635764,0.4494508475120146,0.4792101708306658,0.27992712439351825,-0.11188727510956016,-0.45060795495602846,-0.5039274246605621,-0.6326527243441151,-0.6936084147430456,-0.6671915377507096,-0.4306588676496592,-0.4210143732947432,-0.20705272319613255,-0.13936111899971387,-0.1737902762953865,-0.38592289014670655,-0.320029669666239,-0.2716045113857796,-0.5596956408809617,-0.5413376651168229,-0.3116343118318885,-0.31901275614660074,-0.2909997272634375,-0.23042484097189755,-0.31079733621060035,-0.4678644343234023,-0.6481141355604846,-0.3290872369300529,-0.2978230708310381,-0.12093960987519019,-0.5461229678181161,-0.5717893200232462,1.0,0.5603487684523235,-0.09618910631511757,0.0003754214208054137,-0.0015670668830440237,-0.004718628348363391,-0.08749541090404861,-0.1501321300938468
attribute_55,-0.6621976806795109,-0.5893155179695786,-0.4128336694396485,0.13481317031222967,0.15839886196679448,-0.42407679512203766,-0.3238039195589857,-0.08526681717918781,-0.38876519179306884,-0.26800115853519213,-0.019520195520433898,0.193397761589694,0.3238902534210824,0.6706809104628673,0.60922109674598,0.47143129946688994,0.3761761497701589,0.5422506665438545,0.799156241932715,0.7817548316185757,0.5687484434228636,0.47344152502112685,0.43449267840597666,0.524910320138695,0.5164152508815458,0.043953624152880906,-0.06778305943068619,-0.08250089454618169,-0.43775794486713165,-0.5324451100511504,-0.6861257113888706,-0.7034353157809006,-0.7902065065680386,-0.8244789931797838,-0.6188715383047804,-0.4858425900161687,-0.45489065417486263,-0.3517062136227762,-0.38678250820423193,-0.5864612961401595,-0.5937676102745114,-0.46441194317987317,-0.320140203052088,-0.4426050970768795,-0.4649689456039288,-0.614900125582268,-0.5003618155813822,-0.46568776453448874,-0.7655900010887317,-0.5640522268381467,-0.6652175488929287,-0.09382612788463372,-0.33379605746359936,0.5603487684523235,1.0,0.722107595748468,0.3809176765547219,-0.1911431689427534,0.5472139164175436,0.35786325191206153,0.2146732076697709
attribute_56,-0.6898018036425794,-0.2802519634468675,0.17930510377155534,0.5834817132235484,0.33174926205216393,0.08285900660271456,0.09735008706790307,0.4226518966348939,0.19333026561150812,0.30268314245186173,0.4613206462159048,0.5507093748621249,0.37908615184723937,0.558491690143425,0.5197736617431874,0.33606162419217844,0.09759920564048646,0.11842720194023451,0.46495790059547043,0.5168722474922609,0.3867463367708932,0.2453646960931902,0.11767239054573415,0.20330900648448674,0.34175013475871996,-0.03167552925486842,0.23291488647762867,0.4356755966719024,-0.035540077417824,0.04728179112884698,-0.0892744911169464,-0.3852825203202246,-0.651567249273994,-0.7949084045328784,-0.5156945956062134,-0.3954551027967883,-0.11410806314739522,-0.04508284968526014,-0.16874107829472126,-0.18320731756038983,-0.1949366878693272,-0.3736493108154748,-0.2033135075852675,-0.21199826973182187,-0.18224974994479226,-0.5916834919772284,-0.24570815235958837,-0.12058575774725727,-0.737904465947779,-0.4691769187133407,-0.740517581752819,0.5024894579366429,0.18424544477014293,-0.09618910631511757,0.722107595748468,1.0,0.688077050411136,-0.0384430164134325,0.5781371738877052,0.4163409907081882,0.21236234981579377
attribute_57,-0.26286499175157974,0.3520299065036094,0.5912857658161806,0.4405414480240251,0.048891280290874015,0.3512356358542631,0.4113031712741974,0.7216388138983404,0.6630826781159345,0.6940559070956316,0.7903076033283786,0.6773789709309315,0.385397859306785,0.38283847586699504,0.3355313855196204,0.20992403711191615,-0.12724295269451286,-0.14865271842618874,0.24913050822160943,0.3068931280221429,0.2972955982573598,0.12979549310327793,-0.13112723322542982,-0.10171891084026699,0.2926561254889384,-0.12401946829963505,0.321632420616237,0.7361284883705443,0.11651911866354622,0.342861764039771,0.3275250174568745,-0.15190540193248667,-0.6514849631484982,-0.5964681504278049,-0.20211281364279193,-0.22000320700555853,0.16050489857122655,0.11379427939303478,0.040486150083773764,0.10468074778714184,0.18685657202150874,-0.1081011273905507,-0.12286124828213024,0.1314045285294309,0.37707274446739963,-0.4826647554934245,0.071452431941673,-0.04595446139423506,-0.5324635243629687,-0.30116046254293,-0.7018730573550533,0.4826812875794758,0.2457025501181131,0.0003754214208054137,0.3809176765547219,0.688077050411136,1.0,0.4611324710828902,0.3144277801835835,0.36525823256779133,0.08077525127855371
attribute_58,0.3733357825192113,0.7380394011420954,0.6637443824322932,0.05308087231815607,-0.4354722411612805,0.022729851888086097,0.19800666142316614,0.4675348334831852,0.498037968881432,0.41715167604656117,0.5274780596455638,0.5465804999432479,0.28419223316134296,-0.149632210175362,-0.2480272130412583,-0.2775478786099432,-0.5103582797413913,-0.5418620426361391,-0.4592398256276033,-0.5307144897172775,-0.5564687836448752,-0.7011335009200612,-0.6594910336718028,-0.5977381903414049,-0.48163484776503723,-0.5671816748123867,-0.28992172020975093,0.30579198116384537,0.058692395547328385,0.31830539307967504,0.5844018884521424,0.577705457105061,0.00903108215448325,0.14277952544656558,0.6757616058993978,0.6301695862828366,0.7682977386218303,0.7417070547454878,0.7294719036428332,0.6631113059400554,0.747677614860009,0.6322173057577899,0.6359348737168189,0.7027617788253228,0.3074749994554376,-0.4650558070153551,-0.011641153343090722,0.11699721958550226,-0.08232953443109926,-0.12537239100097428,-0.023152383780118555,0.39799124561914395,0.6475472152877082,-0.0015670668830440237,-0.1911431689427534,-0.0384430164134325,0.4611324710828902,1.0,0.3146839948221024,0.17280521080449585,-0.06724381825009965
attribute_59,-0.05877495128702943,-0.0731940330059717,0.10184266300405187,0.2486583948426895,0.15182965274200716,-0.3714753747956877,-0.3714189777018462,-0.09595246579094924,-0.18410715667088767,-0.23607946148465683,-0.009701805158476186,0.17134868890292634,-0.01185147382832136,0.026869536162081282,0.01777752988362553,-0.10352083328146426,-0.20924411919353278,-0.09934338660267597,0.09638557353793692,0.028857980187082348,-0.11813507810928373,-0.2213731270748117,-0.08512092414551065,0.042798753561020954,0.08039130058531471,-0.0916761996854043,-0.04691286567674429,0.14571575607433035,-0.0710029815780202,-0.1638112542039362,-0.19236821661076425,-0.08732463663691993,-0.3241111816917801,-0.4890741401221966,-0.05803898901199341,0.22505702571153036,0.33066642786675143,0.3643900575996576,0.37239097422087886,0.2619380132402879,0.26092698175522944,0.36428321508520534,0.5438321980361885,0.3507706416608571,-0.329594897176398,-0.6706263534743137,-0.40554932658194814,-0.0946785142978204,-0.4792774155977245,-0.4735476383238423,-0.6310878057183807,0.2565516575995449,0.25653205027455445,-0.004718628348363391,0.5472139164175436,0.5781371738877052,0.3144277801835835,0.3146839948221024,1.0,0.7269944911713107,0.5962271232045361
attribute_60,0.24151689349831998,0.16779245252408043,0.19359217060773792,-0.10180297163941973,-0.11900690949704623,-0.3241756456038295,-0.4174893828916261,-0.21869807238308514,-0.03889395824382264,-0.17628704388883662,-0.1076353342862372,-0.05950794748746915,-0.23108226924452904,0.006596145151943107,0.13866702894489985,0.03859369850911744,-0.004601161868045446,0.04505950044109478,0.12437266552196899,0.013270782809772778,-0.041247365445019626,-0.006783823520451492,-0.03539199260039391,0.07022420027781091,0.5310400757568412,0.5024794487950663,0.5025272487165263,0.5410028493774596,0.49888648822700765,0.24647469745754935,-0.09086658262442676,-0.36144367985445547,-0.45660541272241667,-0.5122427433349714,-0.2890059839063706,-0.08349328527670379,0.1552897419255715,0.036957599982929495,-0.006132501134961066,0.09511672153233533,0.23390176873157292,0.4354940445693389,0.44615402954549177,0.3409249482401913,0.2172560335015849,-0.10718944356440101,0.1118704889550657,0.22533149143549855,0.01758835342200928,0.1349503131440423,-0.6541951667233225,-0.09396270826644794,-0.09009289572234344,-0.08749541090404861,0.35786325191206153,0.4163409907081882,0.36525823256779133,0.17280521080449585,0.7269944911713107,1.0,0.9383002513961324
DisNeg,0.36663031713342276,0.07075400278509313,0.02476933885052317,-0.20593374130863662,-0.017781954388039013,-0.3280351389343389,-0.5052386122240062,-0.4635807013241819,-0.206887348730363,-0.37298783521304096,-0.3773059643192548,-0.37113164307148844,-0.481614323735091,-0.1758939670982531,0.007064960532407833,-0.043783098497885704,0.03574563301014902,0.08950422459808915,0.07935718479409043,-0.017904841642113326,-0.02016608627433879,0.08671652647108366,0.09703681317610718,0.16817758905767605,0.5760994046500681,0.6861283747125251,0.5707558509601168,0.39841638392397977,0.5394226458376444,0.18040959304663257,-0.19640808290622344,-0.3872579308181587,-0.263757612355008,-0.35870138027136467,-0.32914483491815044,-0.0988892142740287,0.053714545800975004,-0.08652515116248993,-0.0851822799398353,0.05777337835490947,0.17064887559667763,0.43738946756347563,0.4131986179475179,0.292671945887332,0.18210361454974336,0.1488443978737058,0.17412475697075355,0.2508052310095165,0.2271993614508902,0.2678805580777225,-0.5278631138324881,-0.2730123191123137,-0.2627085708350674,-0.1501321300938468,0.2146732076697709,0.21236234981579377,0.08077525127855371,-0.06724381825009965,0.5962271232045361,0.9383002513961324,1.0
